Date,p_change,indicator
2020-03-13 00:00:00+05:30,0.0,0
2020-03-16 00:00:00+05:30,0.0,0
2020-03-17 00:00:00+05:30,-1.5214697714963772,0
2020-03-18 00:00:00+05:30,-1.5465272057398933,0
2020-03-19 00:00:00+05:30,0.0,0
2020-03-20 00:00:00+05:30,-2.626315161304077,0
2020-03-23 00:00:00+05:30,0.0,0
2020-03-24 00:00:00+05:30,-2.563289418241179,0
2020-03-25 00:00:00+05:30,7.733332316080727,1
2020-03-26 00:00:00+05:30,0.0884919703439322,0
2020-03-27 00:00:00+05:30,-3.494316805615929,-1
2020-03-30 00:00:00+05:30,7.4691297993069,1
2020-03-31 00:00:00+05:30,-1.7318406287644215,0
2020-04-01 00:00:00+05:30,4.028169873734595,1
2020-04-03 00:00:00+05:30,1.4921457681676626,0
2020-04-07 00:00:00+05:30,0.0,0
2020-04-08 00:00:00+05:30,0.0,0
2020-04-09 00:00:00+05:30,11.456522734268857,1
2020-04-13 00:00:00+05:30,-2.3012546736026454,0
2020-04-15 00:00:00+05:30,-8.351096393362262,-1
2020-04-16 00:00:00+05:30,1.2500029343825065,0
2020-04-17 00:00:00+05:30,-2.987014034829961,0
2020-04-20 00:00:00+05:30,-4.1025603047063095,-1
2020-04-21 00:00:00+05:30,9.15902919926774,1
2020-04-22 00:00:00+05:30,-1.2084580829157932,0
2020-04-23 00:00:00+05:30,2.9483562344116723,0
2020-04-24 00:00:00+05:30,0.5513678329385491,0
2020-04-27 00:00:00+05:30,-1.0611513826974335,0
2020-04-28 00:00:00+05:30,6.892858232770653,1
2020-04-29 00:00:00+05:30,-2.59615818424327,0
2020-04-30 00:00:00+05:30,-6.072417063161259,-1
2020-05-04 00:00:00+05:30,8.678572518484929,1
2020-05-05 00:00:00+05:30,-1.240935483047978,0
2020-05-06 00:00:00+05:30,-1.1529764177627355,0
2020-05-07 00:00:00+05:30,6.842451274369292,1
2020-05-08 00:00:00+05:30,-1.8017972608640112,0
2020-05-11 00:00:00+05:30,-0.16621427900318994,0
2020-05-12 00:00:00+05:30,9.621482608523566,1
2020-05-13 00:00:00+05:30,0.744124942791984,0
2020-05-14 00:00:00+05:30,1.4773237212335466,0
2020-05-15 00:00:00+05:30,-1.6713749585572195,0
2020-05-18 00:00:00+05:30,-3.7124135135825242,-1
2020-05-19 00:00:00+05:30,0.10755826029693899,0
2020-05-20 00:00:00+05:30,3.303587807400208,1
2020-05-21 00:00:00+05:30,2.5922600467175148,0
2020-05-22 00:00:00+05:30,0.37461964973000367,0
2020-05-26 00:00:00+05:30,-1.8148163218557014,0
2020-05-27 00:00:00+05:30,-4.314653561460744,-1
2020-05-28 00:00:00+05:30,-3.933824117653084,-1
2020-05-29 00:00:00+05:30,-0.06557636905055506,0
2020-06-01 00:00:00+05:30,-1.6154318116919104,0
2020-06-02 00:00:00+05:30,3.5951169848971767,1
2020-06-03 00:00:00+05:30,-1.8702305969981952,0
2020-06-04 00:00:00+05:30,0.8701274921367645,0
2020-06-05 00:00:00+05:30,-1.6538473275991468,0
2020-06-08 00:00:00+05:30,-0.8311680385044639,0
2020-06-09 00:00:00+05:30,0.039086357390071554,0
2020-06-10 00:00:00+05:30,1.2015507581932479,0
2020-06-11 00:00:00+05:30,4.101060995341476,1
2020-06-12 00:00:00+05:30,0.42891970669839596,0
2020-06-15 00:00:00+05:30,-4.3958941699072085,-1
2020-06-16 00:00:00+05:30,-6.5517272432822695,-1
2020-06-17 00:00:00+05:30,9.5114984076379,1
2020-06-18 00:00:00+05:30,0.8701274921367645,0
2020-06-19 00:00:00+05:30,-2.0790878202654763,0
2020-06-22 00:00:00+05:30,-0.03885852394137101,0
2020-06-23 00:00:00+05:30,7.538657975711194,1
2020-06-24 00:00:00+05:30,2.0528525482726128,0
2020-06-25 00:00:00+05:30,7.538036830909977,1
2020-06-26 00:00:00+05:30,-4.506295613081987,-1
2020-06-29 00:00:00+05:30,-0.8022014911358122,0
2020-06-30 00:00:00+05:30,-1.1976749167125067,0
2020-07-01 00:00:00+05:30,11.053812721622377,1
2020-07-02 00:00:00+05:30,-1.661498950318762,0
2020-07-03 00:00:00+05:30,6.398129459598885,1
2020-07-06 00:00:00+05:30,2.220110345364738,0
2020-07-07 00:00:00+05:30,2.2487510272782827,0
2020-07-08 00:00:00+05:30,3.948542140919537,1
2020-07-09 00:00:00+05:30,4.7647043436515295,1
2020-07-10 00:00:00+05:30,9.144428089753557,1
2020-07-13 00:00:00+05:30,6.96352892760251,1
2020-07-14 00:00:00+05:30,-10.961542374048461,-1
2020-07-15 00:00:00+05:30,-7.230423727801215,-1
2020-07-16 00:00:00+05:30,-1.7100368795027103,0
2020-07-17 00:00:00+05:30,8.876870582234558,1
2020-07-20 00:00:00+05:30,6.372400699866764,1
2020-07-21 00:00:00+05:30,1.451615334549454,0
2020-07-22 00:00:00+05:30,-3.664643760782549,-1
2020-07-23 00:00:00+05:30,-0.9464280062800945,0
2020-07-24 00:00:00+05:30,0.6258490945206187,0
2020-07-27 00:00:00+05:30,-3.4712929521406823,-1
2020-07-28 00:00:00+05:30,5.020570584508951,1
2020-07-29 00:00:00+05:30,1.2289740113025625,0
2020-07-30 00:00:00+05:30,-4.772147649451156,-1
2020-07-31 00:00:00+05:30,2.832676525238053,0
2020-08-03 00:00:00+05:30,-4.153943324468937,-1
2020-08-04 00:00:00+05:30,-0.5807812805424014,0
2020-08-05 00:00:00+05:30,0.059997558593745524,0
2020-08-06 00:00:00+05:30,-2.029344321920915,0
2020-08-07 00:00:00+05:30,-0.6695681011936986,0
2020-08-10 00:00:00+05:30,11.466841773105992,1
2020-08-11 00:00:00+05:30,-5.933802285589888,-1
2020-08-12 00:00:00+05:30,-2.350320026373404,0
2020-08-13 00:00:00+05:30,1.4740287483512435,0
2020-08-14 00:00:00+05:30,0.4710110688620923,0
2020-08-17 00:00:00+05:30,0.2760366739361288,0
2020-08-18 00:00:00+05:30,3.984059960658094,1
2020-08-19 00:00:00+05:30,-1.5604497989456774,0
2020-08-20 00:00:00+05:30,-0.47852685846433834,0
2020-08-21 00:00:00+05:30,-0.14051548010185652,0
2020-08-24 00:00:00+05:30,-0.333557555821269,0
2020-08-25 00:00:00+05:30,6.374091388510123,1
2020-08-26 00:00:00+05:30,-3.3239274780398764,-1
2020-08-27 00:00:00+05:30,-0.3472257482170989,0
2020-08-28 00:00:00+05:30,-2.949314629011917,0
2020-08-31 00:00:00+05:30,-10.461534127681226,-1
2020-09-01 00:00:00+05:30,2.125694026619076,0
2020-09-02 00:00:00+05:30,-0.5897424159906177,0
2020-09-03 00:00:00+05:30,-0.8461585411658725,0
2020-09-04 00:00:00+05:30,0.14640394919017682,0
2020-09-07 00:00:00+05:30,-2.330691910951753,0
2020-09-08 00:00:00+05:30,1.5927926057025872,0
2020-09-09 00:00:00+05:30,-0.8884049993102022,0
2020-09-10 00:00:00+05:30,-0.40190485396831105,0
2020-09-11 00:00:00+05:30,1.9949431347644015,0
2020-09-14 00:00:00+05:30,1.0406947229734893,0
2020-09-15 00:00:00+05:30,0.8539849214510519,0
2020-09-16 00:00:00+05:30,6.193552324848805,1
2020-09-17 00:00:00+05:30,0.7921924098824834,0
2020-09-18 00:00:00+05:30,-0.48561003823387444,0
2020-09-21 00:00:00+05:30,-7.077848697136975,-1
2020-09-22 00:00:00+05:30,-4.291239557388936,-1
2020-09-23 00:00:00+05:30,-0.49006986302256733,0
2020-09-24 00:00:00+05:30,-2.5946933392786224,0
2020-09-25 00:00:00+05:30,1.619050940688764,0
2020-09-28 00:00:00+05:30,0.35099256907076976,0
2020-09-29 00:00:00+05:30,-3.1282720011320215,-1
2020-09-30 00:00:00+05:30,-2.2353940403396293,0
2020-10-01 00:00:00+05:30,-0.7981432554568461,0
2020-10-05 00:00:00+05:30,4.801911934687374,1
2020-10-06 00:00:00+05:30,0.865518844140366,0
2020-10-07 00:00:00+05:30,-2.976037613712837,0
2020-10-08 00:00:00+05:30,-3.496100366270538,-1
2020-10-09 00:00:00+05:30,1.6458299424913134,0
2020-10-12 00:00:00+05:30,-0.4677982653601802,0
2020-10-13 00:00:00+05:30,0.2450317280412706,0
2020-10-14 00:00:00+05:30,-1.089310268679604,0
2020-10-15 00:00:00+05:30,-1.9931922964498299,0
2020-10-16 00:00:00+05:30,-3.809711746293513,-1
2020-10-19 00:00:00+05:30,-5.09859541772116,-1
2020-10-20 00:00:00+05:30,0.7440476528371001,0
2020-10-21 00:00:00+05:30,-0.8547619281187222,0
2020-10-22 00:00:00+05:30,0.42963098596643645,0
2020-10-23 00:00:00+05:30,-1.5693386105725446,0
2020-10-26 00:00:00+05:30,-2.309379792842914,0
2020-10-27 00:00:00+05:30,-1.4567864144182643,0
2020-10-28 00:00:00+05:30,1.1374087734076919,0
2020-10-29 00:00:00+05:30,2.204309096195647,0
2020-10-30 00:00:00+05:30,-0.3303321707861709,0
2020-11-02 00:00:00+05:30,-2.026010441365274,0
2020-11-03 00:00:00+05:30,-1.7951462135634315,0
2020-11-04 00:00:00+05:30,0.8527179097020547,0
2020-11-05 00:00:00+05:30,5.682845266273385,1
2020-11-06 00:00:00+05:30,-1.879972353188563,0
2020-11-09 00:00:00+05:30,-3.0857195172991068,-1
2020-11-10 00:00:00+05:30,-4.985385359705312,-1
2020-11-11 00:00:00+05:30,3.201554172722876,1
2020-11-12 00:00:00+05:30,1.988044545171179,0
2020-11-13 00:00:00+05:30,-1.941880921511482,0
2020-11-14 00:00:00+05:30,0.6873559902474442,0
2020-11-17 00:00:00+05:30,-1.8704455455550475,0
2020-11-18 00:00:00+05:30,-1.0357670799236525,0
2020-11-19 00:00:00+05:30,0.31822865778263065,0
2020-11-20 00:00:00+05:30,3.956779194742957,1
2020-11-23 00:00:00+05:30,1.1392478275271576,0
2020-11-24 00:00:00+05:30,1.8181814360433222,0
2020-11-25 00:00:00+05:30,-2.25568624823538,0
2020-11-26 00:00:00+05:30,1.7168329808608667,0
2020-11-27 00:00:00+05:30,4.317940055279514,1
2020-12-01 00:00:00+05:30,0.019107502736879986,0
2020-12-02 00:00:00+05:30,-1.5092626476540165,0
2020-12-03 00:00:00+05:30,-0.21192000286911172,0
2020-12-04 00:00:00+05:30,-0.10224208057806242,0
2020-12-07 00:00:00+05:30,0.6667532894618852,0
2020-12-08 00:00:00+05:30,-2.1790831521849725,0
2020-12-09 00:00:00+05:30,-0.6107593204042937,0
2020-12-10 00:00:00+05:30,-0.0906731834084856,0
2020-12-11 00:00:00+05:30,-1.2155118161157588,0
2020-12-14 00:00:00+05:30,-0.5973238173126032,0
2020-12-15 00:00:00+05:30,-1.214892577531295,0
2020-12-16 00:00:00+05:30,1.1637096290078297,0
2020-12-17 00:00:00+05:30,-0.9415564598975169,0
2020-12-18 00:00:00+05:30,-2.1176506491268405,0
2020-12-21 00:00:00+05:30,-5.7095041015912535,-1
2020-12-22 00:00:00+05:30,0.26339795968690755,0
2020-12-23 00:00:00+05:30,0.7757340063843683,0
2020-12-24 00:00:00+05:30,-0.7638931274414029,0
2020-12-28 00:00:00+05:30,0.48950835541411014,0
2020-12-29 00:00:00+05:30,6.30580780326461,1
2020-12-30 00:00:00+05:30,-3.474357800605981,-1
2020-12-31 00:00:00+05:30,-1.6467535762405516,0
2021-01-01 00:00:00+05:30,0.6965431397276217,0
2021-01-04 00:00:00+05:30,-0.9782509043674604,0
2021-01-05 00:00:00+05:30,-0.26953767718034827,0
2021-01-06 00:00:00+05:30,-0.1006840390245877,0
2021-01-07 00:00:00+05:30,-1.143205437180422,0
2021-01-08 00:00:00+05:30,-1.140937549155829,0
2021-01-11 00:00:00+05:30,1.1653124319634771,0
2021-01-12 00:00:00+05:30,0.22769643799466383,0
2021-01-13 00:00:00+05:30,-1.9951991732192291,0
2021-01-14 00:00:00+05:30,-0.14237743313029783,0
2021-01-15 00:00:00+05:30,-2.3379111429086032,0
2021-01-18 00:00:00+05:30,-2.6352310209283467,0
2021-01-19 00:00:00+05:30,0.18335296279297505,0
2021-01-20 00:00:00+05:30,0.13269253311452525,0
2021-01-21 00:00:00+05:30,-2.2538141947163193,0
2021-01-22 00:00:00+05:30,-0.5390031963375597,0
2021-01-25 00:00:00+05:30,-3.0540771711790367,-1
2021-01-27 00:00:00+05:30,2.9241028625229855,0
2021-01-28 00:00:00+05:30,-3.0247539233850027,-1
2021-01-29 00:00:00+05:30,-2.3584487252940125,0
2021-02-01 00:00:00+05:30,1.2867647058823388,0
2021-02-02 00:00:00+05:30,-2.2614326623129437,0
2021-02-03 00:00:00+05:30,3.9489077825615877,1
2021-02-04 00:00:00+05:30,-1.5440555009249233,0
2021-02-05 00:00:00+05:30,-2.267925987885173,0
2021-02-08 00:00:00+05:30,4.7489316110677,1
2021-02-09 00:00:00+05:30,-5.30528655986343,-1
2021-02-10 00:00:00+05:30,-0.6648765093659642,0
2021-02-11 00:00:00+05:30,-1.0711714462051645,0
2021-02-12 00:00:00+05:30,-0.8936421784503084,0
2021-02-15 00:00:00+05:30,-2.311107494212987,0
2021-02-16 00:00:00+05:30,-1.9103553073579624,0
2021-02-17 00:00:00+05:30,-0.022936601297334647,0
2021-02-18 00:00:00+05:30,-4.10544282906865,-1
2021-02-19 00:00:00+05:30,-4.635498110606388,-1
2021-02-22 00:00:00+05:30,-6.503727152111936,-1
2021-02-23 00:00:00+05:30,-1.97287109891435,0
2021-02-24 00:00:00+05:30,0.9247678524788305,0
2021-02-25 00:00:00+05:30,1.2166987257081454,0
2021-02-26 00:00:00+05:30,-1.7464549356432368,0
2021-03-01 00:00:00+05:30,-2.714207571913689,0
2021-03-02 00:00:00+05:30,18.78158572691809,1
2021-03-03 00:00:00+05:30,-1.1755260889517438,0
2021-03-04 00:00:00+05:30,-3.6362280843735446,-1
2021-03-05 00:00:00+05:30,3.006231147848414,1
2021-03-08 00:00:00+05:30,-2.500008565936594,0
2021-03-09 00:00:00+05:30,-3.4850113337902417,-1
2021-03-10 00:00:00+05:30,-2.8629422953770236,0
2021-03-12 00:00:00+05:30,-2.686808267740552,0
2021-03-15 00:00:00+05:30,-5.218802562215275,-1
2021-03-16 00:00:00+05:30,2.8607767656057237,0
2021-03-17 00:00:00+05:30,-3.462416874308098,-1
2021-03-18 00:00:00+05:30,-2.8569040121408666,0
2021-03-19 00:00:00+05:30,1.9771528468032582,0
2021-03-22 00:00:00+05:30,-1.9845405134936271,0
2021-03-23 00:00:00+05:30,-0.052629437362933525,0
2021-03-24 00:00:00+05:30,2.5454239604238706,0
2021-03-25 00:00:00+05:30,-3.2003431025417797,-1
2021-03-26 00:00:00+05:30,-1.4792379818719998,0
2021-03-30 00:00:00+05:30,-3.3165477380647004,-1
2021-03-31 00:00:00+05:30,-1.2813622981432222,0
2021-04-01 00:00:00+05:30,-0.6474762689460501,0
2021-04-05 00:00:00+05:30,3.0292141942564608,1
2021-04-06 00:00:00+05:30,-1.1005236184300562,0
2021-04-07 00:00:00+05:30,2.0659765155044276,0
2021-04-08 00:00:00+05:30,3.1810509588057707,1
2021-04-09 00:00:00+05:30,3.130080060261077,1
2021-04-12 00:00:00+05:30,-6.702348114071335,-1
2021-04-13 00:00:00+05:30,-0.6270105785611607,0
2021-04-15 00:00:00+05:30,-1.9631383502548099,0
2021-04-16 00:00:00+05:30,0.5739162279211871,0
2021-04-19 00:00:00+05:30,0.07964277689435668,0
2021-04-20 00:00:00+05:30,3.790389814751638,1
2021-04-22 00:00:00+05:30,3.3361460281559348,1
2021-04-23 00:00:00+05:30,-0.8336711530749802,0
2021-04-26 00:00:00+05:30,-0.8607993301044149,0
2021-04-27 00:00:00+05:30,1.8153287432318084,0
2021-04-28 00:00:00+05:30,-0.8824049985568383,0
2021-04-29 00:00:00+05:30,-2.564310612763663,0
2021-04-30 00:00:00+05:30,-1.8334155198998077,0
2021-05-03 00:00:00+05:30,1.3898299912274896,0
2021-05-04 00:00:00+05:30,-1.5819082876495256,0
2021-05-05 00:00:00+05:30,1.098997669066331,0
2021-05-06 00:00:00+05:30,7.10751583439081,1
2021-05-07 00:00:00+05:30,-1.7976848204569917,0
2021-05-10 00:00:00+05:30,1.7235996603992179,0
2021-05-11 00:00:00+05:30,1.6106874888179954,0
2021-05-12 00:00:00+05:30,-2.3238313242593467,0
2021-05-14 00:00:00+05:30,-3.0487805587206025,-1
2021-05-17 00:00:00+05:30,-3.441488920344557,-1
2021-05-18 00:00:00+05:30,1.0187449316133828,0
2021-05-19 00:00:00+05:30,0.6907080520411485,0
2021-05-20 00:00:00+05:30,-1.334604656682372,0
2021-05-21 00:00:00+05:30,-0.8389285882353391,0
2021-05-24 00:00:00+05:30,0.040289301032887866,0
2021-05-25 00:00:00+05:30,-1.2559997558593745,0
2021-05-26 00:00:00+05:30,4.188102106565342,1
2021-05-27 00:00:00+05:30,1.2323005630043884,0
2021-05-28 00:00:00+05:30,-0.05245172966094878,0
2021-05-31 00:00:00+05:30,4.270837614460792,1
2021-06-01 00:00:00+05:30,-2.8316580458357867,0
2021-06-02 00:00:00+05:30,1.27007700230952,0
2021-06-03 00:00:00+05:30,2.88184431704114,0
2021-06-04 00:00:00+05:30,-2.646199244097513,0
2021-06-07 00:00:00+05:30,-0.15182343911593707,0
2021-06-08 00:00:00+05:30,0.3560615308357029,0
2021-06-09 00:00:00+05:30,-1.7922754257642632,0
2021-06-10 00:00:00+05:30,-0.34793638189789144,0
2021-06-11 00:00:00+05:30,0.12139883035248093,0
2021-06-14 00:00:00+05:30,-0.838432370623874,0
2021-06-15 00:00:00+05:30,-1.0075771447384003,0
2021-06-16 00:00:00+05:30,-1.7253299265973063,0
2021-06-17 00:00:00+05:30,-1.585936546325692,0
2021-06-18 00:00:00+05:30,-1.8117095631984534,0
2021-06-21 00:00:00+05:30,4.319669379562628,1
2021-06-22 00:00:00+05:30,-1.0168925685255163,0
2021-06-23 00:00:00+05:30,-1.3286123054699355,0
2021-06-24 00:00:00+05:30,-0.767999267578114,0
2021-06-25 00:00:00+05:30,-0.9169879282873818,0
2021-06-28 00:00:00+05:30,-0.2820293943791541,0
2021-06-29 00:00:00+05:30,-1.1301210264159434,0
2021-06-30 00:00:00+05:30,-1.1062311561281584,0
2021-07-01 00:00:00+05:30,-0.23844837113811823,0
2021-07-02 00:00:00+05:30,5.505715916317359,1
2021-07-05 00:00:00+05:30,1.5296878683331376,0
2021-07-06 00:00:00+05:30,-2.177779586226837,0
2021-07-07 00:00:00+05:30,-0.7793574082596568,0
2021-07-08 00:00:00+05:30,-2.188330347504837,0
2021-07-09 00:00:00+05:30,1.892529634019592,0
2021-07-12 00:00:00+05:30,1.0456167051720475,0
2021-07-13 00:00:00+05:30,1.9439049865831761,0
2021-07-14 00:00:00+05:30,-2.0724642103996693,0
2021-07-15 00:00:00+05:30,-2.52975747833966,0
2021-07-16 00:00:00+05:30,1.1221383364145991,0
2021-07-19 00:00:00+05:30,-1.5122655899048527,0
2021-07-20 00:00:00+05:30,-1.2231798826743718,0
2021-07-22 00:00:00+05:30,4.084613506610573,1
2021-07-23 00:00:00+05:30,-2.6608182079288842,0
2021-07-26 00:00:00+05:30,3.318635670988141,1
2021-07-27 00:00:00+05:30,-1.8373627538581996,0
2021-07-28 00:00:00+05:30,-2.2157385960290052,0
2021-07-29 00:00:00+05:30,-0.7330658798909025,0
2021-07-30 00:00:00+05:30,-0.2552525117720269,0
2021-08-02 00:00:00+05:30,0.2912181862162465,0
2021-08-03 00:00:00+05:30,-0.17808715060673574,0
2021-08-04 00:00:00+05:30,-2.24585791402569,0
2021-08-05 00:00:00+05:30,-2.048623623047656,0
2021-08-06 00:00:00+05:30,-1.5456456000653729,0
2021-08-09 00:00:00+05:30,-0.4633849741461895,0
2021-08-10 00:00:00+05:30,0.9287902295562022,0
2021-08-11 00:00:00+05:30,-2.1545502090227444,0
2021-08-12 00:00:00+05:30,1.1798381589295697,0
2021-08-13 00:00:00+05:30,0.06843827976474724,0
2021-08-16 00:00:00+05:30,2.1140975981359773,0
2021-08-17 00:00:00+05:30,-1.7652857562397393,0
2021-08-18 00:00:00+05:30,-2.393135433714868,0
2021-08-20 00:00:00+05:30,-0.9817325694646997,0
2021-08-23 00:00:00+05:30,-5.87636758012595,-1
2021-08-24 00:00:00+05:30,-1.96836455092347,0
2021-08-25 00:00:00+05:30,0.3906962699566173,0
2021-08-26 00:00:00+05:30,-0.8806575649615919,0
2021-08-27 00:00:00+05:30,0.3245002726060724,0
2021-08-30 00:00:00+05:30,-0.2240143399804388,0
2021-08-31 00:00:00+05:30,-0.05362670724583366,0
2021-09-01 00:00:00+05:30,-0.5186923919134386,0
2021-09-02 00:00:00+05:30,-0.48222977258370464,0
2021-09-03 00:00:00+05:30,-1.7767838069370763,0
2021-09-06 00:00:00+05:30,0.23299771015602055,0
2021-09-07 00:00:00+05:30,-1.2883203361353075,0
2021-09-08 00:00:00+05:30,-0.3776962054601526,0
2021-09-09 00:00:00+05:30,0.027172806958562654,0
2021-09-13 00:00:00+05:30,0.19819929793074617,0
2021-09-14 00:00:00+05:30,6.03756691927378,1
2021-09-15 00:00:00+05:30,-0.09285886476591688,0
2021-09-16 00:00:00+05:30,-0.7370225054995199,0
2021-09-17 00:00:00+05:30,-2.0047210734002703,0
2021-09-20 00:00:00+05:30,-1.7413764164365857,0
2021-09-21 00:00:00+05:30,-0.46328564005917033,0
2021-09-22 00:00:00+05:30,-1.2589568513638891,0
2021-09-23 00:00:00+05:30,-1.1515516555805774,0
2021-09-24 00:00:00+05:30,1.0094743527563743,0
2021-09-27 00:00:00+05:30,-1.4903102943721076,0
2021-09-28 00:00:00+05:30,-0.3108610760326539,0
2021-09-29 00:00:00+05:30,1.283662733921599,0
2021-09-30 00:00:00+05:30,4.726631867926687,1
2021-10-01 00:00:00+05:30,-1.2776056392579154,0
2021-10-04 00:00:00+05:30,0.03418881669002926,0
2021-10-05 00:00:00+05:30,1.769230508396755,0
2021-10-06 00:00:00+05:30,1.8926101357846434,0
2021-10-07 00:00:00+05:30,-1.3485127731987314,0
2021-10-08 00:00:00+05:30,-1.0504893187857978,0
2021-10-11 00:00:00+05:30,-2.1201734525557243,0
2021-10-12 00:00:00+05:30,-0.9984917254229632,0
2021-10-13 00:00:00+05:30,0.8757164843549899,0
2021-10-14 00:00:00+05:30,1.764214579658315,0
2021-10-18 00:00:00+05:30,-1.7880251713234103,0
2021-10-19 00:00:00+05:30,-3.529412429303346,-1
2021-10-20 00:00:00+05:30,-1.9897928301466559,0
2021-10-21 00:00:00+05:30,-0.827163222345409,0
2021-10-22 00:00:00+05:30,-0.803071044475838,0
2021-10-25 00:00:00+05:30,-1.8573949284270945,0
2021-10-26 00:00:00+05:30,1.038585376809698,0
2021-10-27 00:00:00+05:30,-1.265379967302217,0
2021-10-28 00:00:00+05:30,-1.4595936104839662,0
2021-10-29 00:00:00+05:30,0.09075095009116917,0
2021-11-01 00:00:00+05:30,-0.5576567232237415,0
2021-11-02 00:00:00+05:30,-0.11718854508280085,0
2021-11-03 00:00:00+05:30,-1.573741050383795,0
2021-11-04 00:00:00+05:30,0.4633855601886399,0
2021-11-08 00:00:00+05:30,-2.1249975476946137,0
2021-11-09 00:00:00+05:30,0.5543948169763712,0
2021-11-10 00:00:00+05:30,0.8166983219623907,0
2021-11-11 00:00:00+05:30,-1.018766196696437,0
2021-11-12 00:00:00+05:30,-2.6978418006579243,0
2021-11-15 00:00:00+05:30,0.16000366210938477,0
2021-11-16 00:00:00+05:30,-3.638137531261592,-1
2021-11-17 00:00:00+05:30,-3.311123420285534,-1
2021-11-18 00:00:00+05:30,-0.7232729878092039,0
2021-11-22 00:00:00+05:30,-3.45264140500083,-1
2021-11-23 00:00:00+05:30,1.0051329413470986,0
2021-11-24 00:00:00+05:30,-0.053766722320228416,0
2021-11-25 00:00:00+05:30,-1.284772861065874,0
2021-11-26 00:00:00+05:30,2.7262916983804497,0
2021-11-29 00:00:00+05:30,-5.062757756424868,-1
2021-11-30 00:00:00+05:30,-2.093434862448564,0
2021-12-01 00:00:00+05:30,-1.9546520985820492,0
2021-12-02 00:00:00+05:30,2.760175079066492,0
2021-12-03 00:00:00+05:30,-0.9120899242359195,0
2021-12-06 00:00:00+05:30,-2.5949630493315787,0
2021-12-07 00:00:00+05:30,-0.3253319693886198,0
2021-12-08 00:00:00+05:30,0.7821194952426603,0
2021-12-09 00:00:00+05:30,1.1753072100878308,0
2021-12-10 00:00:00+05:30,1.0195254582643134,0
2021-12-13 00:00:00+05:30,-3.048522464783663,-1
2021-12-14 00:00:00+05:30,0.9917131773425961,0
2021-12-15 00:00:00+05:30,-1.4028223244304843,0
2021-12-16 00:00:00+05:30,-0.991289359322033,0
2021-12-17 00:00:00+05:30,-2.664474107992411,0
2021-12-20 00:00:00+05:30,-0.05682164972477608,0
2021-12-21 00:00:00+05:30,-1.8638372738674098,0
2021-12-22 00:00:00+05:30,0.3750786418151933,0
2021-12-23 00:00:00+05:30,5.784651444598362,1
2021-12-24 00:00:00+05:30,-0.9398667940106558,0
2021-12-27 00:00:00+05:30,-0.5760856296705104,0
2021-12-28 00:00:00+05:30,1.2826090273649813,0
2021-12-29 00:00:00+05:30,-1.3203126970612948,0
2021-12-30 00:00:00+05:30,0.13020302996887392,0
2021-12-31 00:00:00+05:30,4.193617184199116,1
2022-01-03 00:00:00+05:30,-1.4433005421431992,0
2022-01-04 00:00:00+05:30,-2.038692632531558,0
2022-01-05 00:00:00+05:30,-1.2076264525651736,0
2022-01-06 00:00:00+05:30,1.1015165110893574,0
2022-01-07 00:00:00+05:30,-1.6776405032224824,0
2022-01-10 00:00:00+05:30,-0.07559362416596807,0
2022-01-11 00:00:00+05:30,-1.4038827686661344,0
2022-01-12 00:00:00+05:30,0.12032925998297617,0
2022-01-13 00:00:00+05:30,0.9923704388158221,0
2022-01-14 00:00:00+05:30,0.23809655527062332,0
2022-01-17 00:00:00+05:30,0.9511510103134477,0
2022-01-18 00:00:00+05:30,0.5995691107548704,0
2022-01-19 00:00:00+05:30,-1.6063852513090022,0
2022-01-20 00:00:00+05:30,-1.6594836906076764,0
2022-01-21 00:00:00+05:30,-0.4325720976061519,0
2022-01-24 00:00:00+05:30,-2.099323524136237,0
2022-01-25 00:00:00+05:30,-0.8256807528742804,0
2022-01-27 00:00:00+05:30,-0.7790676383085011,0
2022-01-28 00:00:00+05:30,0.982681685660561,0
2022-01-31 00:00:00+05:30,-1.080958350256996,0
2022-02-01 00:00:00+05:30,0.2609523014820958,0
2022-02-02 00:00:00+05:30,2.9216749483479005,0
2022-02-03 00:00:00+05:30,-0.5314510628938554,0
2022-02-04 00:00:00+05:30,-2.8416433881860876,0
2022-02-07 00:00:00+05:30,-3.197278676187554,-1
2022-02-08 00:00:00+05:30,-0.7611258949239357,0
2022-02-09 00:00:00+05:30,-1.677419712816178,0
2022-02-10 00:00:00+05:30,-2.333332243419823,0
2022-02-11 00:00:00+05:30,-1.031945886411437,0
2022-02-14 00:00:00+05:30,-3.7625026702880753,-1
2022-02-15 00:00:00+05:30,1.8684186433491026,0
2022-02-16 00:00:00+05:30,0.8527080357927057,0
2022-02-17 00:00:00+05:30,-1.840964483423083,0
2022-02-18 00:00:00+05:30,-1.2950012745297617,0
2022-02-21 00:00:00+05:30,-2.058549613400475,0
2022-02-22 00:00:00+05:30,0.8882451147283883,0
2022-02-23 00:00:00+05:30,4.330041789496513,1
2022-02-24 00:00:00+05:30,-7.8472243414984915,-1
2022-02-25 00:00:00+05:30,3.1120951554247074,1
2022-02-28 00:00:00+05:30,0.586546528991198,0
2022-03-02 00:00:00+05:30,1.0662793191634024,0
2022-03-03 00:00:00+05:30,-0.24147466656351024,0
2022-03-04 00:00:00+05:30,-0.7283555145477837,0
2022-03-07 00:00:00+05:30,-4.838236640481389,-1
2022-03-08 00:00:00+05:30,-2.5386988055509283,0
2022-03-09 00:00:00+05:30,18.046879768371586,1
2022-03-10 00:00:00+05:30,3.299999237060542,1
2022-03-11 00:00:00+05:30,5.185550950022769,1
2022-03-14 00:00:00+05:30,-3.636366708168909,-1
2022-03-15 00:00:00+05:30,-2.905570908249873,0
2022-03-16 00:00:00+05:30,0.17241304791879827,0
2022-03-17 00:00:00+05:30,-1.538271173233829,0
2022-03-21 00:00:00+05:30,-2.971264442033649,0
2022-03-22 00:00:00+05:30,-1.3193896028270449,0
2022-03-23 00:00:00+05:30,-1.8197764586544989,0
2022-03-24 00:00:00+05:30,1.5832454910638603,0
2022-03-25 00:00:00+05:30,-0.6469229420685205,0
2022-03-28 00:00:00+05:30,-5.335821932971595,-1
2022-03-29 00:00:00+05:30,-3.74672999263454,-1
2022-03-30 00:00:00+05:30,-2.91482855794857,0
2022-03-31 00:00:00+05:30,-2.8296773374084965,0
2022-04-01 00:00:00+05:30,19.988690721872988,1
2022-04-04 00:00:00+05:30,-2.546514466751454,0
2022-04-05 00:00:00+05:30,7.393362264165616,1
2022-04-06 00:00:00+05:30,12.068579478498828,1
2022-04-07 00:00:00+05:30,-0.47151605357963927,0
2022-04-08 00:00:00+05:30,-1.7680198675535976,0
2022-04-11 00:00:00+05:30,-3.4626038153916,-1
2022-04-12 00:00:00+05:30,-4.022278839422411,-1
2022-04-13 00:00:00+05:30,2.7228994990017306,0
2022-04-18 00:00:00+05:30,-0.8598700475954427,0
2022-04-19 00:00:00+05:30,-3.409814218487898,-1
2022-04-20 00:00:00+05:30,-2.1178983016684376,0
2022-04-21 00:00:00+05:30,0.7064011042243615,0
2022-04-22 00:00:00+05:30,1.164083245324626,0
2022-04-25 00:00:00+05:30,4.989100271682899,1
2022-04-26 00:00:00+05:30,-2.0040967819090088,0
2022-04-27 00:00:00+05:30,-3.0869984918048394,-1
2022-04-28 00:00:00+05:30,-2.4200471200500657,0
2022-04-29 00:00:00+05:30,-1.0157795894818455,0
2022-05-02 00:00:00+05:30,-1.3421355337995236,0
2022-05-04 00:00:00+05:30,-3.999106142909464,-1
2022-05-05 00:00:00+05:30,-3.9412222899985117,-1
2022-05-06 00:00:00+05:30,-1.2681195809877746,0
2022-05-09 00:00:00+05:30,-3.1818229959881976,-1
2022-05-10 00:00:00+05:30,-3.3100832731254597,-1
2022-05-11 00:00:00+05:30,-2.5199017731594364,0
2022-05-12 00:00:00+05:30,0.10725544306542599,0
2022-05-13 00:00:00+05:30,-1.3989562750685451,0
2022-05-16 00:00:00+05:30,-0.996124504607545,0
2022-05-17 00:00:00+05:30,1.9794257400071107,0
2022-05-18 00:00:00+05:30,0.6179039658418614,0
2022-05-19 00:00:00+05:30,-0.6752425114091717,0
2022-05-20 00:00:00+05:30,1.902308058464305,0
2022-05-23 00:00:00+05:30,-3.166630075996743,-1
2022-05-24 00:00:00+05:30,-0.6386833367741126,0
2022-05-25 00:00:00+05:30,-4.996716501341402,-1
2022-05-26 00:00:00+05:30,0.2892549433696172,0
2022-05-27 00:00:00+05:30,0.6197777915750552,0
2022-05-30 00:00:00+05:30,2.4115538165977424,0
2022-05-31 00:00:00+05:30,-2.818430548838783,0
2022-06-01 00:00:00+05:30,-1.8915168031840068,0
2022-06-02 00:00:00+05:30,1.1709263303123676,0
2022-06-03 00:00:00+05:30,-2.18784789309748,0
2022-06-06 00:00:00+05:30,-3.4999956403459813,-1
2022-06-07 00:00:00+05:30,-2.173913043478256,0
2022-06-08 00:00:00+05:30,-1.5532477012780437,0
2022-06-09 00:00:00+05:30,-0.898470328075398,0
2022-06-10 00:00:00+05:30,7.283166625261046,1
2022-06-13 00:00:00+05:30,-2.831828247107301,0
2022-06-14 00:00:00+05:30,0.22693120929136787,0
2022-06-15 00:00:00+05:30,-1.5088708078253634,0
2022-06-16 00:00:00+05:30,-5.8284004669280005,-1
2022-06-17 00:00:00+05:30,-1.7610046521313771,0
2022-06-20 00:00:00+05:30,-4.394901839273315,-1
2022-06-21 00:00:00+05:30,1.1237762370708901,0
2022-06-22 00:00:00+05:30,3.266814932790365,1
2022-06-23 00:00:00+05:30,0.656247138977056,0
2022-06-24 00:00:00+05:30,0.2575729832504786,0
2022-06-27 00:00:00+05:30,-0.9853741848776082,0
2022-06-28 00:00:00+05:30,2.385317312227349,0
2022-06-29 00:00:00+05:30,0.6707354445744781,0
2022-06-30 00:00:00+05:30,-1.8431805041601517,0
2022-07-01 00:00:00+05:30,0.7674596903906212,0
2022-07-04 00:00:00+05:30,0.6707354445744781,0
2022-07-05 00:00:00+05:30,-0.6944430847034411,0
2022-07-06 00:00:00+05:30,0.2583558678737338,0
2022-07-07 00:00:00+05:30,2.2651766420249397,0
2022-07-08 00:00:00+05:30,-0.13185462125468647,0
2022-07-11 00:00:00+05:30,2.3416734936075714,0
2022-07-12 00:00:00+05:30,-0.2176458645735791,0
2022-07-13 00:00:00+05:30,0.4215018506825505,0
2022-07-14 00:00:00+05:30,-1.7513376011123996,0
2022-07-15 00:00:00+05:30,1.282625758700878,0
2022-07-18 00:00:00+05:30,0.716371129880954,0
2022-07-19 00:00:00+05:30,2.02370847022699,0
2022-07-20 00:00:00+05:30,0.0981487592873666,0
2022-07-21 00:00:00+05:30,0.8263253855488876,0
2022-07-22 00:00:00+05:30,0.9539538152140209,0
2022-07-25 00:00:00+05:30,-2.2191818446329044,0
2022-07-26 00:00:00+05:30,-1.8130294716168596,0
2022-07-27 00:00:00+05:30,-0.4011552957723849,0
2022-07-28 00:00:00+05:30,-0.014227789183887592,0
2022-07-29 00:00:00+05:30,0.5917133686698917,0
2022-08-01 00:00:00+05:30,-0.22244357212641458,0
2022-08-02 00:00:00+05:30,1.8977629461911532,0
2022-08-03 00:00:00+05:30,-2.01515477950493,0
2022-08-04 00:00:00+05:30,0.632746538070271,0
2022-08-05 00:00:00+05:30,-1.576295815247344,0
2022-08-08 00:00:00+05:30,-2.240546052808215,0
2022-08-10 00:00:00+05:30,-1.661972260810948,0
2022-08-11 00:00:00+05:30,1.3031135819111206,0
2022-08-12 00:00:00+05:30,-0.9790167108282362,0
2022-08-16 00:00:00+05:30,0.224209685182701,0
2022-08-17 00:00:00+05:30,-0.09739765152233985,0
2022-08-18 00:00:00+05:30,6.657379632492715,1
2022-08-19 00:00:00+05:30,0.8592679118442763,0
2022-08-22 00:00:00+05:30,-2.920276720576853,0
2022-08-23 00:00:00+05:30,-0.8183533711555091,0
2022-08-24 00:00:00+05:30,0.39189312909100926,0
2022-08-25 00:00:00+05:30,-0.7889761266671418,0
2022-08-26 00:00:00+05:30,-2.3274551142913937,0
2022-08-29 00:00:00+05:30,-0.07003228387844918,0
2022-08-30 00:00:00+05:30,0.36131481314398156,0
2022-09-01 00:00:00+05:30,0.6673201096859434,0
2022-09-02 00:00:00+05:30,-1.1929284833971048,0
2022-09-05 00:00:00+05:30,1.377410497269445,0
2022-09-06 00:00:00+05:30,0.054055291253171156,0
2022-09-07 00:00:00+05:30,0.9782625484106423,0
2022-09-08 00:00:00+05:30,1.9877239620700198,0
2022-09-09 00:00:00+05:30,-1.1416772987905566,0
2022-09-12 00:00:00+05:30,1.0182751890790185,0
2022-09-13 00:00:00+05:30,-0.9224871140948847,0
2022-09-14 00:00:00+05:30,0.5952441623272793,0
2022-09-15 00:00:00+05:30,3.543513737630937,1
2022-09-16 00:00:00+05:30,-5.266473680896756,-1
2022-09-19 00:00:00+05:30,-2.215405919322685,0
2022-09-20 00:00:00+05:30,0.40645313870882294,0
2022-09-21 00:00:00+05:30,-1.7946320605871375,0
2022-09-22 00:00:00+05:30,0.5924501161858493,0
2022-09-23 00:00:00+05:30,-1.4596582606316966,0
2022-09-26 00:00:00+05:30,-5.054051167256128,-1
2022-09-27 00:00:00+05:30,-1.8787990024774155,0
2022-09-28 00:00:00+05:30,-0.4354180625745465,0
2022-09-29 00:00:00+05:30,-1.2142835344587162,0
2022-09-30 00:00:00+05:30,1.4174188105074224,0
2022-10-03 00:00:00+05:30,1.5225646361826308,0
2022-10-04 00:00:00+05:30,-0.02725080923257995,0
2022-10-06 00:00:00+05:30,0.06719814695955807,0
2022-10-07 00:00:00+05:30,1.4266662597656319,0
2022-10-10 00:00:00+05:30,-0.040212841703051845,0
2022-10-11 00:00:00+05:30,-1.6178621067798906,0
2022-10-12 00:00:00+05:30,-0.10909836227606774,0
2022-10-13 00:00:00+05:30,-0.7792203457747922,0
2022-10-14 00:00:00+05:30,-1.1006897661397101,0
2022-10-17 00:00:00+05:30,-0.6500708172400211,0
2022-10-18 00:00:00+05:30,0.24930791244329298,0
2022-10-19 00:00:00+05:30,0.02755409487792861,0
2022-10-20 00:00:00+05:30,-0.75674607794222,0
2022-10-21 00:00:00+05:30,-1.367400335503673,0
2022-10-24 00:00:00+05:30,1.2451026131101859,0
2022-10-25 00:00:00+05:30,-0.5650441655318029,0
2022-10-27 00:00:00+05:30,-0.8504838595400296,0
2022-10-28 00:00:00+05:30,-1.1562339293082253,0
2022-10-31 00:00:00+05:30,-0.027842722293742784,0
2022-11-01 00:00:00+05:30,0.2638922797309013,0
2022-11-02 00:00:00+05:30,0.18017636960317365,0
2022-11-03 00:00:00+05:30,3.966486072358842,1
2022-11-04 00:00:00+05:30,-1.1498871504533057,0
2022-11-07 00:00:00+05:30,0.6985446346213082,0
2022-11-09 00:00:00+05:30,-3.190926009758051,-1
2022-11-10 00:00:00+05:30,-0.9591731233734145,0
2022-11-11 00:00:00+05:30,-0.3013715352097571,0
2022-11-14 00:00:00+05:30,0.21984565099345205,0
2022-11-15 00:00:00+05:30,2.014923095703137,0
2022-11-16 00:00:00+05:30,-2.2351246464761205,0
2022-11-17 00:00:00+05:30,-1.637168968125558,0
2022-11-18 00:00:00+05:30,-0.38870105935552945,0
2022-11-21 00:00:00+05:30,-3.598631653248871,-1
2022-11-22 00:00:00+05:30,-1.7438346135723597,0
2022-11-23 00:00:00+05:30,2.8105551486150437,0
2022-11-24 00:00:00+05:30,5.45454107732319,1
2022-11-25 00:00:00+05:30,-0.525646753502378,0
2022-11-28 00:00:00+05:30,-1.1139657479176852,0
2022-11-29 00:00:00+05:30,-1.9300071458954904,0
2022-11-30 00:00:00+05:30,0.17613790021986964,0
2022-12-01 00:00:00+05:30,0.464171284438496,0
2022-12-02 00:00:00+05:30,0.3183809342420172,0
2022-12-05 00:00:00+05:30,-0.4926055555303792,0
2022-12-06 00:00:00+05:30,0.30864062558342115,0
2022-12-07 00:00:00+05:30,1.7330009819946786,0
2022-12-08 00:00:00+05:30,-1.7452748485730825,0
2022-12-09 00:00:00+05:30,-1.5395827996299303,0
2022-12-12 00:00:00+05:30,-0.3725782499032787,0
2022-12-13 00:00:00+05:30,-0.2535507689814877,0
2022-12-14 00:00:00+05:30,0.6568181152969037,0
2022-12-15 00:00:00+05:30,0.05935734662357379,0
2022-12-16 00:00:00+05:30,-1.5734082600168051,0
2022-12-19 00:00:00+05:30,-0.4367483567215305,0
2022-12-20 00:00:00+05:30,5.884131528867872,1
2022-12-21 00:00:00+05:30,13.245511529367821,1
2022-12-22 00:00:00+05:30,-4.1831742019209885,-1
2022-12-23 00:00:00+05:30,4.7826159068003955,1
2022-12-26 00:00:00+05:30,-7.503586436404289,-1
2022-12-27 00:00:00+05:30,-3.687409031390691,-1
2022-12-28 00:00:00+05:30,1.3210539518511322,0
2022-12-29 00:00:00+05:30,-0.6499415026862563,0
2022-12-30 00:00:00+05:30,-2.7994810422467755,0
2023-01-02 00:00:00+05:30,-3.112894961327582,-1
2023-01-03 00:00:00+05:30,1.8483001878414407,0
2023-01-04 00:00:00+05:30,-1.6367067423110213,0
2023-01-05 00:00:00+05:30,-0.637203371869572,0
2023-01-06 00:00:00+05:30,-1.3877505347842256,0
2023-01-09 00:00:00+05:30,-0.7958208335867548,0
2023-01-10 00:00:00+05:30,-2.067254755333642,0
2023-01-11 00:00:00+05:30,-1.6809034297543186,0
2023-01-12 00:00:00+05:30,-1.3172809139885127,0
2023-01-13 00:00:00+05:30,0.7327617060510352,0
2023-01-16 00:00:00+05:30,-1.383541880271944,0
2023-01-17 00:00:00+05:30,-1.981490828284779,0
2023-01-18 00:00:00+05:30,0.07375043765758259,0
2023-01-19 00:00:00+05:30,0.8402231058205176,0
2023-01-20 00:00:00+05:30,-0.7452902732076965,0
2023-01-23 00:00:00+05:30,-0.7131390922696904,0
2023-01-24 00:00:00+05:30,-1.0598080090702002,0
2023-01-25 00:00:00+05:30,-1.0767010679576476,0
2023-01-27 00:00:00+05:30,-0.7184366154969098,0
2023-01-30 00:00:00+05:30,-2.9637654153421287,0
2023-01-31 00:00:00+05:30,1.3566818404040026,0
2023-02-01 00:00:00+05:30,-2.1008438281037956,0
2023-02-02 00:00:00+05:30,-0.4121070231484816,0
2023-02-03 00:00:00+05:30,-1.4082268653552312,0
2023-02-06 00:00:00+05:30,0.4493641038770842,0
2023-02-07 00:00:00+05:30,3.4000687178877524,1
2023-02-08 00:00:00+05:30,-0.6717704902752982,0
2023-02-09 00:00:00+05:30,-1.6419065278089142,0
2023-02-10 00:00:00+05:30,1.4559997558593936,0
2023-02-13 00:00:00+05:30,-0.7704369112035692,0
2023-02-14 00:00:00+05:30,-0.7288846142036005,0
2023-02-15 00:00:00+05:30,0.12722330629538536,0
2023-02-16 00:00:00+05:30,-0.06315269250233084,0
2023-02-17 00:00:00+05:30,0.25497983651330847,0
2023-02-20 00:00:00+05:30,-0.39808917681078904,0
2023-02-21 00:00:00+05:30,-1.469886533631109,0
2023-02-22 00:00:00+05:30,0.6229525706807086,0
2023-02-23 00:00:00+05:30,-1.781374047159666,0
2023-02-24 00:00:00+05:30,-0.23083792386380647,0
2023-02-27 00:00:00+05:30,-4.141234302845046,-1
2023-02-28 00:00:00+05:30,-2.3335632100848303,0
2023-03-01 00:00:00+05:30,1.2896442140025233,0
2023-03-02 00:00:00+05:30,-0.5849968321340839,0
2023-03-03 00:00:00+05:30,4.266211715182975,1
2023-03-06 00:00:00+05:30,-0.4886043066812733,0
2023-03-08 00:00:00+05:30,0.4919633311127894,0
2023-03-09 00:00:00+05:30,0.5548305472596856,0
2023-03-10 00:00:00+05:30,-0.13072194453815658,0
2023-03-13 00:00:00+05:30,-3.9215710718295735,-1
2023-03-14 00:00:00+05:30,-2.2407056497084863,0
2023-03-15 00:00:00+05:30,-1.8321912103890385,0
2023-03-16 00:00:00+05:30,-2.107278166245318,0
2023-03-17 00:00:00+05:30,-1.0003504728035402,0
2023-03-20 00:00:00+05:30,1.2940959833557273,0
2023-03-21 00:00:00+05:30,-2.2419202207194058,0
2023-03-22 00:00:00+05:30,-0.726950064396678,0
2023-03-23 00:00:00+05:30,-1.170212463751927,0
2023-03-24 00:00:00+05:30,0.9116949387749212,0
2023-03-27 00:00:00+05:30,0.7085876098769639,0
2023-03-28 00:00:00+05:30,-2.2359163289126043,0
2023-03-29 00:00:00+05:30,2.3230703113364766,0
2023-03-31 00:00:00+05:30,-1.7881923725391047,0
2023-04-03 00:00:00+05:30,5.307407201258386,1
2023-04-05 00:00:00+05:30,2.3094713799846853,0
2023-04-06 00:00:00+05:30,3.472668522375815,1
2023-04-10 00:00:00+05:30,2.883721876514052,0
2023-04-11 00:00:00+05:30,-0.02998896666900509,0
2023-04-12 00:00:00+05:30,3.0443892771537753,1
2023-04-13 00:00:00+05:30,3.5362354223279087,1
2023-04-17 00:00:00+05:30,2.325263026960157,0
2023-04-18 00:00:00+05:30,3.98631587178001,1
2023-04-19 00:00:00+05:30,0.9055479830946097,0
2023-04-20 00:00:00+05:30,-3.0759665340374522,-1
2023-04-21 00:00:00+05:30,0.7235110433512287,0
2023-04-24 00:00:00+05:30,1.4442803088773797,0
2023-04-25 00:00:00+05:30,1.8131484192973872,0
2023-04-26 00:00:00+05:30,1.4567905002170105,0
2023-04-27 00:00:00+05:30,3.0793420202113952,1
2023-04-28 00:00:00+05:30,-6.859082286735789,-1
2023-05-02 00:00:00+05:30,1.9415124052438246,0
2023-05-03 00:00:00+05:30,-2.659311531278404,0
2023-05-04 00:00:00+05:30,2.436567125206481,0
2023-05-05 00:00:00+05:30,-2.648352252785528,0
2023-05-08 00:00:00+05:30,-1.0027518608722725,0
2023-05-09 00:00:00+05:30,-0.756628096374735,0
2023-05-10 00:00:00+05:30,1.925030762519139,0
2023-05-11 00:00:00+05:30,1.851851851851847,0
2023-05-12 00:00:00+05:30,1.6385549522308018,0
2023-05-15 00:00:00+05:30,-2.0853105502501874,0
2023-05-16 00:00:00+05:30,0.5905011375594208,0
2023-05-17 00:00:00+05:30,5.975857666333493,1
2023-05-18 00:00:00+05:30,-2.6576582536557174,0
2023-05-19 00:00:00+05:30,1.6240539818769866,0
2023-05-22 00:00:00+05:30,-2.362468768748401,0
2023-05-23 00:00:00+05:30,-0.34498094011232,0
2023-05-24 00:00:00+05:30,2.255816792332848,0
2023-05-25 00:00:00+05:30,-0.41002345995289413,0
2023-05-26 00:00:00+05:30,0.9762749984150441,0
2023-05-29 00:00:00+05:30,-0.8613901424364224,0
2023-05-30 00:00:00+05:30,1.2754005669001949,0
2023-05-31 00:00:00+05:30,1.816541419659665,0
2023-06-01 00:00:00+05:30,-1.1676554008012274,0
2023-06-02 00:00:00+05:30,-0.7668397595731902,0
2023-06-05 00:00:00+05:30,0.6918043943165877,0
2023-06-06 00:00:00+05:30,-1.2057565806269535,0
2023-06-07 00:00:00+05:30,2.755467690228871,0
2023-06-08 00:00:00+05:30,-1.7102392621262132,0
2023-06-09 00:00:00+05:30,-0.15423531433956056,0
2023-06-12 00:00:00+05:30,1.5927031345129028,0
2023-06-13 00:00:00+05:30,-0.7667376848511296,0
2023-06-14 00:00:00+05:30,-2.6572635893009076,0
2023-06-15 00:00:00+05:30,-1.1683576495692845,0
2023-06-16 00:00:00+05:30,0.2017940710023071,0
2023-06-19 00:00:00+05:30,-1.1363683691906172,0
2023-06-20 00:00:00+05:30,0.5956380751873417,0
2023-06-21 00:00:00+05:30,-0.6890450360649626,0
2023-06-22 00:00:00+05:30,-0.9916427739815418,0
2023-06-23 00:00:00+05:30,-4.85393224137552,-1
2023-06-26 00:00:00+05:30,0.10629971563903416,0
2023-06-27 00:00:00+05:30,1.2964036463201563,0
2023-06-28 00:00:00+05:30,-3.4647172223221037,-1
2023-06-30 00:00:00+05:30,0.16786497252641203,0
2023-07-03 00:00:00+05:30,-3.346430293847538,-1
2023-07-04 00:00:00+05:30,-7.799133039704915,-1
2023-07-05 00:00:00+05:30,0.6550773312542202,0
2023-07-06 00:00:00+05:30,0.8209782496579952,0
2023-07-07 00:00:00+05:30,-1.4433781489773079,0
2023-07-10 00:00:00+05:30,-1.1301668454568194,0
2023-07-11 00:00:00+05:30,0.9383439570438464,0
2023-07-12 00:00:00+05:30,-0.8754424168432315,0
2023-07-13 00:00:00+05:30,-2.892559672149596,0
2023-07-14 00:00:00+05:30,0.5436280455623566,0
2023-07-17 00:00:00+05:30,0.7333374023437556,0
2023-07-18 00:00:00+05:30,-0.7542671657086808,0
2023-07-19 00:00:00+05:30,-1.1402819295024478,0
2023-07-20 00:00:00+05:30,-0.5625579664322924,0
2023-07-21 00:00:00+05:30,0.25593002003436466,0
2023-07-24 00:00:00+05:30,-1.4937352579865726,0
2023-07-25 00:00:00+05:30,-0.6249987690344908,0
2023-07-26 00:00:00+05:30,2.1792406892184593,0
2023-07-27 00:00:00+05:30,2.9403989678187177,0
2023-07-28 00:00:00+05:30,-0.6132563538081948,0
2023-07-31 00:00:00+05:30,0.8428089422624978,0
2023-08-01 00:00:00+05:30,-1.2854400285830694,0
2023-08-02 00:00:00+05:30,-1.5575146076652395,0
2023-08-03 00:00:00+05:30,0.9267707594518998,0
2023-08-04 00:00:00+05:30,1.0179112347822654,0
2023-08-07 00:00:00+05:30,-1.1928964530481467,0
2023-08-08 00:00:00+05:30,2.8794471686393166,0
2023-08-09 00:00:00+05:30,-3.7623772285998855,-1
2023-08-10 00:00:00+05:30,-2.609464722595352,0
2023-08-11 00:00:00+05:30,-1.2438443647016668,0
2023-08-14 00:00:00+05:30,-2.3753249751744274,0
2023-08-16 00:00:00+05:30,0.716031387095515,0
2023-08-17 00:00:00+05:30,-0.9792130476866321,0
2023-08-18 00:00:00+05:30,-0.6502348400405806,0
2023-08-21 00:00:00+05:30,0.299974409174417,0
2023-08-22 00:00:00+05:30,0.6505873744582924,0
2023-08-23 00:00:00+05:30,0.20215839898690807,0
2023-08-24 00:00:00+05:30,-0.9414888535415878,0
2023-08-25 00:00:00+05:30,2.323368369462552,0
2023-08-28 00:00:00+05:30,0.6422832060417472,0
2023-08-29 00:00:00+05:30,7.852799445091782,1
2023-08-30 00:00:00+05:30,3.3333354301437255,1
2023-08-31 00:00:00+05:30,-1.7647117206571437,0
2023-09-01 00:00:00+05:30,-1.5296762114516376,0
2023-09-04 00:00:00+05:30,5.013800202684304,1
2023-09-05 00:00:00+05:30,-0.887987397255802,0
2023-09-06 00:00:00+05:30,-4.625151118961428,-1
2023-09-07 00:00:00+05:30,7.564531963181962,1
2023-09-08 00:00:00+05:30,0.5915314354647137,0
2023-09-11 00:00:00+05:30,-4.6694257540923285,-1
2023-09-12 00:00:00+05:30,-4.793924420004631,-1
2023-09-13 00:00:00+05:30,13.333330563037654,1
2023-09-14 00:00:00+05:30,-4.06603543263562,-1
2023-09-15 00:00:00+05:30,-1.6796886670635978,0
2023-09-18 00:00:00+05:30,-0.6732676288869023,0
2023-09-20 00:00:00+05:30,-0.3886391585237508,0
2023-09-21 00:00:00+05:30,-4.578549962983161,-1
2023-09-22 00:00:00+05:30,-0.8958339691162103,0
2023-09-25 00:00:00+05:30,-2.0717833663871272,0
2023-09-26 00:00:00+05:30,1.5591365034862363,0
2023-09-27 00:00:00+05:30,-0.4651108024405281,0
2023-09-28 00:00:00+05:30,-1.3113344921579302,0
2023-09-29 00:00:00+05:30,1.6528077115948885,0
2023-10-03 00:00:00+05:30,-1.9367656398000674,0
2023-10-04 00:00:00+05:30,-0.9535027046997397,0
2023-10-05 00:00:00+05:30,0.6774164015247035,0
2023-10-06 00:00:00+05:30,0.714283738962796,0
2023-10-09 00:00:00+05:30,-2.118280882476479,0
2023-10-10 00:00:00+05:30,-0.2941543411786329,0
2023-10-11 00:00:00+05:30,3.5815097391118087,1
2023-10-12 00:00:00+05:30,-0.6120373007740835,0
2023-10-13 00:00:00+05:30,-2.296927308708343,0
2023-10-16 00:00:00+05:30,-1.4025751248251397,0
2023-10-17 00:00:00+05:30,0.5928673834860089,0
2023-10-18 00:00:00+05:30,-0.886840724583,0
2023-10-19 00:00:00+05:30,0.03260736880094956,0
2023-10-20 00:00:00+05:30,-1.1714956095603948,0
2023-10-23 00:00:00+05:30,-7.258951007656535,-1
2023-10-25 00:00:00+05:30,-4.8267902757814705,-1
2023-10-26 00:00:00+05:30,1.813951983530454,0
2023-10-27 00:00:00+05:30,1.906470394244835,0
2023-10-30 00:00:00+05:30,-0.8792496754600467,0
2023-10-31 00:00:00+05:30,-0.918834709512305,0
2023-11-01 00:00:00+05:30,-2.2130210018722276,0
2023-11-02 00:00:00+05:30,1.4674342178619035,0
2023-11-03 00:00:00+05:30,0.43154041964162404,0
2023-11-06 00:00:00+05:30,0.41190000465270854,0
2023-11-07 00:00:00+05:30,0.38644728906325504,0
2023-11-08 00:00:00+05:30,1.1936909033391863,0
2023-11-09 00:00:00+05:30,-4.532293492772381,-1
2023-11-10 00:00:00+05:30,-0.5208386223256372,0
2023-11-13 00:00:00+05:30,0.08139499398165168,0
2023-11-15 00:00:00+05:30,-0.63517201250026,0
2023-11-16 00:00:00+05:30,-1.9425315418462576,0
2023-11-17 00:00:00+05:30,-1.3830804611154812,0
2023-11-20 00:00:00+05:30,-1.0135540669618879,0
2023-11-21 00:00:00+05:30,2.737635782335199,0
2023-11-22 00:00:00+05:30,2.3987359272066895,0
2023-11-23 00:00:00+05:30,-1.5007730844533214,0
2023-11-24 00:00:00+05:30,0.8584217376342155,0
2023-11-28 00:00:00+05:30,1.1037527779712348,0
2023-11-29 00:00:00+05:30,-0.5434782608695633,0
2023-11-30 00:00:00+05:30,-0.7439014089632535,0
2023-12-01 00:00:00+05:30,-0.23038845963490331,0
2023-12-04 00:00:00+05:30,-2.022589903327079,0
2023-12-05 00:00:00+05:30,-1.5115058452190548,0
2023-12-06 00:00:00+05:30,-0.7315491611386955,0
2023-12-07 00:00:00+05:30,0.9486590274514249,0
2023-12-08 00:00:00+05:30,-1.519327155117019,0
2023-12-11 00:00:00+05:30,-0.7231797022108429,0
2023-12-12 00:00:00+05:30,-1.2304233281278814,0
2023-12-13 00:00:00+05:30,-1.6666666666666552,0
2023-12-14 00:00:00+05:30,-0.9825784696367856,0
2023-12-15 00:00:00+05:30,1.195306218928699,0
2023-12-18 00:00:00+05:30,2.3880945851721043,0
2023-12-19 00:00:00+05:30,-0.11871423052463115,0
2023-12-20 00:00:00+05:30,-2.3886068362839508,0
2023-12-21 00:00:00+05:30,1.935840675289183,0
2023-12-22 00:00:00+05:30,0.9805991409367828,0
2023-12-26 00:00:00+05:30,1.455282298135093,0
2023-12-27 00:00:00+05:30,-2.2925301343272118,0
2023-12-28 00:00:00+05:30,-1.7441876876248399,0
2023-12-29 00:00:00+05:30,-0.45122277684054285,0
2024-01-01 00:00:00+05:30,1.8064519410492266,0
2024-01-02 00:00:00+05:30,1.974994437651353,0
2024-01-03 00:00:00+05:30,-0.7954589340758943,0
2024-01-04 00:00:00+05:30,-0.5831485636907834,0
2024-01-05 00:00:00+05:30,-0.6179993293612909,0
2024-01-08 00:00:00+05:30,-1.2105279219777971,0
2024-01-09 00:00:00+05:30,-0.4025475388454633,0
2024-01-10 00:00:00+05:30,-0.5745301923615748,0
2024-01-11 00:00:00+05:30,-0.32050793510026854,0
2024-01-12 00:00:00+05:30,0.14957199992597903,0
2024-01-15 00:00:00+05:30,-1.1914922835979047,0
2024-01-16 00:00:00+05:30,-1.0688895096157873,0
2024-01-17 00:00:00+05:30,0.4655266717608225,0
2024-01-18 00:00:00+05:30,-0.4640863745251936,0
2024-01-19 00:00:00+05:30,0.4867822152642288,0
2024-01-23 00:00:00+05:30,-3.436085003810478,-1
2024-01-24 00:00:00+05:30,0.0,0
2024-01-25 00:00:00+05:30,-0.3663839114284474,0
2024-01-29 00:00:00+05:30,-0.9174259751845193,0
2024-01-30 00:00:00+05:30,-0.6781567102191008,0
2024-01-31 00:00:00+05:30,2.2496503707623483,0
2024-02-01 00:00:00+05:30,-1.184884383458186,0
2024-02-02 00:00:00+05:30,-0.2599115528210668,0
2024-02-05 00:00:00+05:30,-1.3741847685039983,0
2024-02-06 00:00:00+05:30,0.9453236592382381,0
2024-02-07 00:00:00+05:30,1.8248175859963671,0
2024-02-08 00:00:00+05:30,-1.22353048885571,0
2024-02-09 00:00:00+05:30,-1.6524005519066833,0
2024-02-12 00:00:00+05:30,-2.209871097225081,0
2024-02-13 00:00:00+05:30,-1.5099024438422723,0
2024-02-14 00:00:00+05:30,2.7272774562364543,0
2024-02-15 00:00:00+05:30,1.0939028797588246,0
2024-02-16 00:00:00+05:30,-1.2704628729209018,0
2024-02-19 00:00:00+05:30,6.4216808475670195,1
2024-02-20 00:00:00+05:30,-0.764246940070384,0
2024-02-21 00:00:00+05:30,-2.508744425957042,0
2024-02-22 00:00:00+05:30,-0.5861919909516855,0
2024-02-23 00:00:00+05:30,0.3965891535699709,0
2024-02-26 00:00:00+05:30,-1.7545968514222403,0
2024-02-27 00:00:00+05:30,-0.14577593176251638,0
2024-02-28 00:00:00+05:30,-3.0656894606129175,-1
2024-02-29 00:00:00+05:30,1.7345461603315835,0
2024-03-01 00:00:00+05:30,0.36849945813588736,0
2024-03-04 00:00:00+05:30,-1.2836222647735622,0
2024-03-05 00:00:00+05:30,0.6946136684639214,0
2024-03-06 00:00:00+05:30,-2.5985230168130378,0
2024-03-07 00:00:00+05:30,-0.47979453037895625,0
2024-03-11 00:00:00+05:30,-2.53807096769571,0
2024-03-12 00:00:00+05:30,-2.9296873835846915,0
2024-03-13 00:00:00+05:30,-4.846939376534682,-1
2024-03-14 00:00:00+05:30,1.426355276166631,0
2024-03-15 00:00:00+05:30,-0.9607385746841893,0
2024-03-18 00:00:00+05:30,0.8356524354025134,0
2024-03-19 00:00:00+05:30,9.336042147337453,1
2024-03-20 00:00:00+05:30,-1.4824124721050225,0
2024-03-21 00:00:00+05:30,-2.368814391844828,0
2024-03-22 00:00:00+05:30,1.045608940042696,0
2024-03-26 00:00:00+05:30,-2.4031015163864846,0
2024-03-27 00:00:00+05:30,-4.474446932026982,-1
2024-03-28 00:00:00+05:30,-0.1519345414823477,0
2024-04-01 00:00:00+05:30,2.796629726008839,0
2024-04-02 00:00:00+05:30,0.7641657699531513,0
2024-04-03 00:00:00+05:30,1.2029264233314216,0
2024-04-04 00:00:00+05:30,-0.31830913812808065,0
2024-04-05 00:00:00+05:30,1.3011918362071515,0
2024-04-08 00:00:00+05:30,-1.8749999999999984,0
2024-04-09 00:00:00+05:30,-1.0659948410578335,0
2024-04-10 00:00:00+05:30,1.7733195307500842,0
2024-04-12 00:00:00+05:30,0.5786880070886493,0
2024-04-15 00:00:00+05:30,-1.3846177321213984,0
2024-04-16 00:00:00+05:30,2.4754412932818286,0
2024-04-18 00:00:00+05:30,-0.9798985168216626,0
2024-04-19 00:00:00+05:30,0.0909795848752658,0
2024-04-22 00:00:00+05:30,1.4051545959905003,0
2024-04-23 00:00:00+05:30,1.098200277312088,0
2024-04-24 00:00:00+05:30,0.9670894454967367,0
2024-04-25 00:00:00+05:30,-0.3980590835349962,0
2024-04-26 00:00:00+05:30,-0.8438822160881571,0
2024-04-29 00:00:00+05:30,-1.1098632779051827,0
2024-04-30 00:00:00+05:30,-1.0306683257755358,0
2024-05-02 00:00:00+05:30,-0.7840196411560453,0
2024-05-03 00:00:00+05:30,0.6104583157832111,0
2024-05-06 00:00:00+05:30,-3.5536141927291656,-1
2024-05-07 00:00:00+05:30,-0.9170745301792769,0
2024-05-08 00:00:00+05:30,-0.3926741436728749,0
2024-05-09 00:00:00+05:30,-2.155058373892281,0
2024-05-10 00:00:00+05:30,2.0069575098651775,0
2024-05-13 00:00:00+05:30,-2.0070921439258207,0
2024-05-14 00:00:00+05:30,0.25273003542826933,0
2024-05-15 00:00:00+05:30,-1.094739264738355,0
2024-05-16 00:00:00+05:30,1.414967232009991,0
2024-05-17 00:00:00+05:30,-0.0801463506606575,0
2024-05-21 00:00:00+05:30,-0.8532187327312646,0
2024-05-22 00:00:00+05:30,-0.4706280631833189,0
2024-05-23 00:00:00+05:30,0.41885900506142454,0
2024-05-24 00:00:00+05:30,-0.20137136552645638,0
2024-05-27 00:00:00+05:30,-0.751583910794139,0
2024-05-28 00:00:00+05:30,-2.2447547007698803,0
2024-05-29 00:00:00+05:30,1.347223917643221,0
2024-05-30 00:00:00+05:30,-1.913877644122295,0
2024-05-31 00:00:00+05:30,0.23676624194955198,0
2024-06-03 00:00:00+05:30,-2.6081085205078214,0
2024-06-04 00:00:00+05:30,-5.980293571311438,-1
2024-06-05 00:00:00+05:30,3.1068517348732243,1
2024-06-06 00:00:00+05:30,1.9893609596235269,0
2024-06-07 00:00:00+05:30,0.7553949597583787,0
2024-06-10 00:00:00+05:30,2.527567830376752,0
2024-06-11 00:00:00+05:30,-0.7986392148295962,0
2024-06-12 00:00:00+05:30,-1.1616138944380692,0
2024-06-13 00:00:00+05:30,-1.5826790920112739,0
2024-06-14 00:00:00+05:30,4.5907980912854045,1
2024-06-18 00:00:00+05:30,0.658859103903592,0
2024-06-19 00:00:00+05:30,-2.206416418118025,0
2024-06-20 00:00:00+05:30,3.7356660787771863,1
2024-06-21 00:00:00+05:30,-1.445832698529955,0
2024-06-24 00:00:00+05:30,-1.108565119444293,0
2024-06-25 00:00:00+05:30,-1.6998561382999144,0
2024-06-26 00:00:00+05:30,-0.3450054165314543,0
2024-06-27 00:00:00+05:30,0.408367579537926,0
2024-06-28 00:00:00+05:30,-1.054042185999756,0
2024-07-01 00:00:00+05:30,1.2113667602658518,0
2024-07-02 00:00:00+05:30,-3.7950480076197737,-1
2024-07-03 00:00:00+05:30,0.5916498309584504,0
2024-07-04 00:00:00+05:30,-3.130019856369337,-1
2024-07-05 00:00:00+05:30,1.4622615791802511,0
2024-07-08 00:00:00+05:30,0.5266850620047735,0
2024-07-09 00:00:00+05:30,-2.1428565249923217,0
2024-07-10 00:00:00+05:30,-2.6041666206754344,0
2024-07-11 00:00:00+05:30,-0.5204049976638193,0
2024-07-12 00:00:00+05:30,0.7411732393152604,0
2024-07-15 00:00:00+05:30,-1.957121094423538,0
2024-07-16 00:00:00+05:30,-0.6294522547580024,0
2024-07-18 00:00:00+05:30,-2.066996742054592,0
2024-07-19 00:00:00+05:30,-2.1243020858772774,0
2024-07-22 00:00:00+05:30,1.589306452612485,0
2024-07-23 00:00:00+05:30,-1.8060355648338144,0
2024-07-24 00:00:00+05:30,3.013393258392946,1
2024-07-25 00:00:00+05:30,0.07281256976057653,0
2024-07-26 00:00:00+05:30,0.09671401096965308,0
2024-07-29 00:00:00+05:30,2.4609788082354918,0
2024-07-30 00:00:00+05:30,0.8672188537328929,0
2024-07-31 00:00:00+05:30,0.1620363277499512,0
2024-08-01 00:00:00+05:30,-1.471432130969133,0
2024-08-02 00:00:00+05:30,1.7261868431454612,0
2024-08-05 00:00:00+05:30,-2.36144468008753,0
2024-08-06 00:00:00+05:30,-1.8280897870761492,0
2024-08-07 00:00:00+05:30,1.697190920331338,0
2024-08-08 00:00:00+05:30,0.3902435302734469,0
2024-08-09 00:00:00+05:30,-1.9083009406076559,0
2024-08-12 00:00:00+05:30,0.5086168336564794,0
2024-08-13 00:00:00+05:30,-4.213905426345513,-1
2024-08-14 00:00:00+05:30,-0.8729143669527111,0
2024-08-16 00:00:00+05:30,0.21794637044270732,0
2024-08-19 00:00:00+05:30,2.635288776054571,0
2024-08-20 00:00:00+05:30,7.340926460493558,1
2024-08-21 00:00:00+05:30,0.13745144672716902,0
2024-08-22 00:00:00+05:30,5.80499197702531,1
2024-08-23 00:00:00+05:30,-2.673796791443833,0
2024-08-26 00:00:00+05:30,-1.7235757200985178,0
2024-08-27 00:00:00+05:30,-0.05538431840312382,0
2024-08-28 00:00:00+05:30,-1.9064522250399025,0
2024-08-29 00:00:00+05:30,0.09063471530023445,0
2024-08-30 00:00:00+05:30,-0.42889081259855305,0
2024-09-02 00:00:00+05:30,-1.2440607293604724,0
2024-09-03 00:00:00+05:30,-0.26274086649317696,0
2024-09-04 00:00:00+05:30,7.805393201337941,1
2024-09-05 00:00:00+05:30,0.14830443578971625,0
2024-09-06 00:00:00+05:30,-1.6777423174119732,0
2024-09-09 00:00:00+05:30,2.6954800834769412,0
2024-09-10 00:00:00+05:30,-0.12389298557280073,0
2024-09-11 00:00:00+05:30,-4.673667844403091,-1
2024-09-12 00:00:00+05:30,10.510542291286086,1
2024-09-13 00:00:00+05:30,-1.9111928153490183,0
2024-09-16 00:00:00+05:30,-0.17612554848403938,0
2024-09-17 00:00:00+05:30,-3.8198550593931855,-1
2024-09-18 00:00:00+05:30,2.010972349527323,0
2024-09-19 00:00:00+05:30,-4.536451934020556,-1
2024-09-20 00:00:00+05:30,0.34034842633114293,0
2024-09-23 00:00:00+05:30,2.2499535744548793,0
2024-09-24 00:00:00+05:30,1.2665845367301782,0
2024-09-25 00:00:00+05:30,-3.169292587660158,-1
2024-09-26 00:00:00+05:30,0.3488215180389323,0
2024-09-27 00:00:00+05:30,-2.617316861765774,0
2024-09-30 00:00:00+05:30,0.07383933815488067,0
2024-10-01 00:00:00+05:30,0.3168184756874759,0
2024-10-03 00:00:00+05:30,-2.036251172673686,0
2024-10-04 00:00:00+05:30,-2.1661431391061927,0
2024-10-07 00:00:00+05:30,-5.234277171985219,-1
2024-10-08 00:00:00+05:30,2.0301624848673363,0
2024-10-09 00:00:00+05:30,1.0656415952414655,0
2024-10-10 00:00:00+05:30,-4.018304075539443,-1
2024-10-11 00:00:00+05:30,-0.47464233127030586,0
2024-10-14 00:00:00+05:30,-0.487576238589788,0
2024-10-15 00:00:00+05:30,0.9903279226233923,0
2024-10-16 00:00:00+05:30,-0.11536510587105042,0
2024-10-17 00:00:00+05:30,-2.465721128095504,0
2024-10-18 00:00:00+05:30,-0.21428607759022056,0
2024-10-21 00:00:00+05:30,-3.418800245075289,-1
2024-10-22 00:00:00+05:30,-3.8948251538486787,-1
2024-10-23 00:00:00+05:30,0.46164781413159584,0
2024-10-24 00:00:00+05:30,-0.9053801339590261,0
2024-10-25 00:00:00+05:30,-2.3412205610560854,0
2024-10-28 00:00:00+05:30,2.7766840933221313,0
2024-10-29 00:00:00+05:30,0.43740682260025,0
2024-10-30 00:00:00+05:30,2.0878663504414443,0
2024-10-31 00:00:00+05:30,0.5517964048079893,0
2024-11-01 00:00:00+05:30,0.5985079491254581,0
2024-11-04 00:00:00+05:30,-1.99553867657618,0
2024-11-05 00:00:00+05:30,0.49379510391498643,0
2024-11-06 00:00:00+05:30,2.794480754709618,0
2024-11-07 00:00:00+05:30,-0.8034128421792665,0
2024-11-08 00:00:00+05:30,-1.7156250891641986,0
2024-11-11 00:00:00+05:30,-1.006790122804828,0
2024-11-12 00:00:00+05:30,-1.8445451430911748,0
2024-11-13 00:00:00+05:30,-3.1413631910281534,-1
2024-11-14 00:00:00+05:30,-0.13439873483912623,0
2024-11-18 00:00:00+05:30,-4.056104003129385,-1
2024-11-19 00:00:00+05:30,0.3427670732226746,0
2024-11-21 00:00:00+05:30,-2.357145036969867,0
2024-11-22 00:00:00+05:30,2.0964672692706623,0
2024-11-25 00:00:00+05:30,-0.3248634844908819,0
2024-11-26 00:00:00+05:30,0.6943430152876435,0
2024-11-27 00:00:00+05:30,1.340780872809151,0
2024-11-28 00:00:00+05:30,1.2243766126790856,0
2024-11-29 00:00:00+05:30,1.5929740002344859,0
2024-12-02 00:00:00+05:30,3.257631688778463,1
2024-12-03 00:00:00+05:30,2.337969998314368,0
2024-12-04 00:00:00+05:30,-1.403455597867134,0
2024-12-05 00:00:00+05:30,-0.6905285258389695,0
2024-12-06 00:00:00+05:30,-0.21812393253086634,0
2024-12-09 00:00:00+05:30,-1.503660462223067,0
2024-12-10 00:00:00+05:30,-1.408269391932596,0
2024-12-11 00:00:00+05:30,6.221989431488421,1
2024-12-12 00:00:00+05:30,3.1226937959987127,1
2024-12-13 00:00:00+05:30,-0.5276441355399072,0
2024-12-16 00:00:00+05:30,2.94330206692989,0
2024-12-17 00:00:00+05:30,-2.4546307966779617,0
2024-12-18 00:00:00+05:30,-2.4510402898564854,0
2024-12-19 00:00:00+05:30,8.366090209996747,1
2024-12-20 00:00:00+05:30,-5.079006859480237,-1
2024-12-23 00:00:00+05:30,-2.9335508298090405,0
2024-12-24 00:00:00+05:30,-1.3832108904514633,0
2024-12-26 00:00:00+05:30,-0.8078198440049064,0
2024-12-27 00:00:00+05:30,-1.2289116181523052,0
2024-12-30 00:00:00+05:30,0.3734910344503004,0
2024-12-31 00:00:00+05:30,-2.4883290977216066,0
2025-01-01 00:00:00+05:30,0.35365965308212793,0
2025-01-02 00:00:00+05:30,3.188790144285774,1
2025-01-03 00:00:00+05:30,-0.32775228642942794,0
2025-01-06 00:00:00+05:30,0.7147886530676283,0
2025-01-07 00:00:00+05:30,0.06937737773450799,0
2025-01-08 00:00:00+05:30,-1.2693353992974559,0
2025-01-09 00:00:00+05:30,-0.08264427077488332,0
2025-01-10 00:00:00+05:30,-3.2742277695356403,-1
2025-01-13 00:00:00+05:30,-5.760592634646925,-1
2025-01-14 00:00:00+05:30,1.843971952162768,0
2025-01-15 00:00:00+05:30,-2.474746414136262,0
2025-01-16 00:00:00+05:30,0.8762890702923918,0
2025-01-17 00:00:00+05:30,-0.06409825713181108,0
2025-01-20 00:00:00+05:30,1.5032778637696202,0
2025-01-21 00:00:00+05:30,-1.8781120740954542,0
2025-01-22 00:00:00+05:30,-3.0759497533870723,-1
2025-01-23 00:00:00+05:30,0.9660546716845516,0
2025-01-24 00:00:00+05:30,-1.749619024679444,0
2025-01-27 00:00:00+05:30,-4.297079307959292,-1
2025-01-28 00:00:00+05:30,-2.3494075156571372,0
2025-01-29 00:00:00+05:30,1.9163034901496272,0
2025-01-30 00:00:00+05:30,-1.1845738683563702,0
2025-01-31 00:00:00+05:30,0.25066190126091,0
2025-02-01 00:00:00+05:30,1.2137893150592642,0
2025-02-03 00:00:00+05:30,-1.348954724080798,0
2025-02-04 00:00:00+05:30,0.8494352167802817,0
2025-02-05 00:00:00+05:30,1.5276426047992253,0
2025-02-06 00:00:00+05:30,2.157127535948322,0
2025-02-07 00:00:00+05:30,0.14335067919306574,0
2025-02-10 00:00:00+05:30,-2.532135145794982,0
2025-02-11 00:00:00+05:30,0.9315072673640885,0
2025-02-12 00:00:00+05:30,-3.1627553807064825,-1
2025-02-13 00:00:00+05:30,-0.2412113936471828,0
2025-02-14 00:00:00+05:30,-4.404658418724994,-1
2025-02-17 00:00:00+05:30,1.4714593961529134,0
2025-02-18 00:00:00+05:30,-0.6135023954448761,0
2025-02-19 00:00:00+05:30,0.3931682247529965,0
2025-02-20 00:00:00+05:30,3.2526498873077228,1
2025-02-21 00:00:00+05:30,-0.5247822425059826,0
2025-02-24 00:00:00+05:30,0.4447125049351869,0
2025-02-25 00:00:00+05:30,-1.815235121245555,0
2025-02-27 00:00:00+05:30,-2.4776174061333958,0
2025-02-28 00:00:00+05:30,-6.111449294885851,-1
2025-03-03 00:00:00+05:30,-0.7026148689791751,0
2025-03-04 00:00:00+05:30,6.064170476023977,1
2025-03-05 00:00:00+05:30,3.7218854875477985,1
2025-03-06 00:00:00+05:30,1.2298628116518164,0
2025-03-07 00:00:00+05:30,0.23141981996217745,0
2025-03-10 00:00:00+05:30,-0.33164489199648445,0
2025-03-11 00:00:00+05:30,-5.631771156503835,-1
2025-03-12 00:00:00+05:30,-2.279869470173314,0
2025-03-13 00:00:00+05:30,-2.333066335220734,0
