Date,Open,High,Low,Close,Volume,Dividends,Stock Splits
2020-03-13 00:00:00+05:30,957.5422229872676,1139.757974151767,787.6455106478595,967.3877563476562,15080,0.0,0.0
2020-03-16 00:00:00+05:30,980.6767121801628,1010.698370298235,894.3461212958557,917.9657592773438,4319,0.0,0.0
2020-03-17 00:00:00+05:30,884.0156128920162,902.1062621535675,883.9671243962438,894.20068359375,1516,0.0,0.0
2020-03-18 00:00:00+05:30,893.3761639472895,916.656324571323,892.35766876089,897.88671875,2182,0.0,0.0
2020-03-19 00:00:00+05:30,882.706147987379,900.8937746629432,843.9058777461756,892.3577270507812,3017,0.0,0.0
2020-03-20 00:00:00+05:30,880.8145927019525,960.2096784772148,838.86180194541,932.2734375,3186,0.0,0.0
2020-03-23 00:00:00+05:30,873.006087510834,931.2064933448896,764.8018448385885,821.2077026367188,6995,0.0,0.0
2020-03-24 00:00:00+05:30,786.6754453852442,835.4182827842683,786.6754453852442,820.3831787109375,1265,0.0,0.0
2020-03-25 00:00:00+05:30,820.3831610796984,820.3831610796984,785.8023987724243,804.717529296875,1039,0.0,0.0
2020-03-26 00:00:00+05:30,796.3755494534238,839.0558468662747,796.3755494534238,831.8292846679688,833,0.0,0.0
2020-03-27 00:00:00+05:30,862.2875138478166,873.006076614233,819.6557052655855,829.6952514648438,1372,0.0,0.0
2020-03-30 00:00:00+05:30,824.4572075841169,866.361508919821,742.0551264704504,754.2286987304688,4326,0.0,0.0
2020-03-31 00:00:00+05:30,776.0538601581338,814.8056402464724,764.3652910883575,790.1189575195312,3758,0.0,0.0
2020-04-01 00:00:00+05:30,795.4539663537995,803.1170428101146,746.90514384479,760.5822143554688,2499,0.0,0.0
2020-04-03 00:00:00+05:30,761.4553089720207,766.3538312843773,727.5050722662618,743.752685546875,2992,0.0,0.0
2020-04-07 00:00:00+05:30,775.0353055085969,800.2554781534324,764.94721276886,798.7034912109375,2741,0.0,0.0
2020-04-08 00:00:00+05:30,799.334060260541,872.036078902006,799.2855717633514,865.5855102539062,1991,0.0,0.0
2020-04-09 00:00:00+05:30,834.2542452654528,900.1662119582551,834.2057567716588,888.962646484375,5014,0.0,0.0
2020-04-13 00:00:00+05:30,892.4545955661648,892.4545955661648,862.3359012932796,871.5509643554688,988,0.0,0.0
2020-04-15 00:00:00+05:30,862.3360013168411,882.6091660869728,853.6059405611026,875.0916137695312,6541,0.0,0.0
2020-04-16 00:00:00+05:30,865.8279558883848,877.8560626383834,844.0028051598063,854.9639282226562,452,0.0,0.0
2020-04-17 00:00:00+05:30,876.546628014259,882.5606225328603,863.3060121240343,871.6965942382812,591,0.0,0.0
2020-04-20 00:00:00+05:30,897.2561824346337,897.2561824346337,855.6914197193304,866.8464965820312,780,0.0,0.0
2020-04-21 00:00:00+05:30,873.0060595229927,886.8286554654401,800.4010792544688,822.2747192382812,6618,0.0,0.0
2020-04-22 00:00:00+05:30,805.2510752300658,857.4859116649563,800.2555171081324,840.0742797851562,1765,0.0,0.0
2020-04-23 00:00:00+05:30,814.95121580255,897.1592899943408,814.95121580255,892.5517578125,5344,0.0,0.0
2020-04-24 00:00:00+05:30,864.6640500749727,906.9563211550495,857.0009729844774,895.1707153320312,2846,0.0,0.0
2020-04-27 00:00:00+05:30,894.4916880579977,920.5363438627209,857.2918961737164,872.37548828125,1533,0.0,0.0
2020-04-28 00:00:00+05:30,887.4106395497381,890.4661844527044,840.0743226310633,863.2575073242188,5214,0.0,0.0
2020-04-29 00:00:00+05:30,871.6966387313641,895.6557594440029,850.0169511234623,862.9180297851562,2799,0.0,0.0
2020-04-30 00:00:00+05:30,873.0544347164878,905.9861708622867,840.3167117329737,897.3530883789062,5313,0.0,0.0
2020-05-04 00:00:00+05:30,874.9461035757471,892.7457040631374,842.9358802741954,848.076904296875,1684,0.0,0.0
2020-05-05 00:00:00+05:30,871.7449658962126,873.975969293241,830.3256711598382,841.5292358398438,1356,0.0,0.0
2020-05-06 00:00:00+05:30,848.6103323020607,935.0864527272624,843.7602988335583,918.8873291015625,7854,0.0,0.0
2020-05-07 00:00:00+05:30,921.5548409854384,1040.041122259467,885.6161050791525,902.3002319335938,53076,0.0,0.0
2020-05-08 00:00:00+05:30,911.8062984143372,916.6563319165411,864.2759700927388,875.2855224609375,3232,0.0,0.0
2020-05-11 00:00:00+05:30,865.3913755902647,873.8303852928557,853.6057722125744,855.3032836914062,962,0.0,0.0
2020-05-12 00:00:00+05:30,845.0213299207705,853.5088882397638,825.7666620972636,834.01171875,1789,0.0,0.0
2020-05-13 00:00:00+05:30,868.0104802777141,871.9875433092033,837.0673017686739,846.1368408203125,1794,0.0,0.0
2020-05-14 00:00:00+05:30,857.922448742859,857.922448742859,840.3168032285365,844.7788696289062,388,0.0,0.0
2020-05-15 00:00:00+05:30,843.9543229104644,857.7769184741757,837.164275966887,856.0794067382812,600,0.0,0.0
2020-05-18 00:00:00+05:30,847.7374060093464,860.1534804953001,810.974126719115,849.5803833007812,4143,0.0,0.0
2020-05-19 00:00:00+05:30,835.175838480276,872.9576144429058,817.7157164214549,824.457275390625,1627,0.0,0.0
2020-05-20 00:00:00+05:30,834.2056944080757,847.6888101274039,829.9861892867674,844.2452392578125,304,0.0,0.0
2020-05-21 00:00:00+05:30,839.055803682163,853.3149141521146,832.3142452105196,846.1368408203125,1072,0.0,0.0
2020-05-22 00:00:00+05:30,850.6958367980691,858.3589130576428,826.8821852485572,834.59375,1069,0.0,0.0
2020-05-26 00:00:00+05:30,838.764808887491,848.7558660989537,823.4387148034062,828.53125,1630,0.0,0.0
2020-05-27 00:00:00+05:30,830.0347883579569,855.982468937402,830.0347883579569,838.9588623046875,1096,0.0,0.0
2020-05-28 00:00:00+05:30,834.3512567145071,873.9275168119119,834.3512567145071,850.162353515625,1735,0.0,0.0
2020-05-29 00:00:00+05:30,853.5573270937618,855.3518156379021,834.2056834109442,846.8642578125,1413,0.0,0.0
2020-06-01 00:00:00+05:30,853.5574371320778,867.1375314034301,831.2957707534943,835.7092895507812,7080,0.0,0.0
2020-06-02 00:00:00+05:30,843.8573711747723,852.6359202879148,834.2057923180964,841.5778198242188,5970,0.0,0.0
2020-06-03 00:00:00+05:30,848.7558864961934,913.8433142245538,844.8758595864965,855.9339599609375,7270,0.0,0.0
2020-06-04 00:00:00+05:30,853.6058924961644,867.0890092526238,835.1757652718154,840.8502807617188,5898,0.0,0.0
2020-06-05 00:00:00+05:30,848.7558389317927,863.3059390277663,840.9957855472735,843.0327758789062,5666,0.0,0.0
2020-06-08 00:00:00+05:30,841.2868691041097,846.7674310971569,839.1043538474208,845.7974243164062,3867,0.0,0.0
2020-06-09 00:00:00+05:30,840.0743567640139,848.7559292527018,838.2798679096858,841.286865234375,4844,0.0,0.0
2020-06-10 00:00:00+05:30,838.2313092203278,845.8458380947667,838.0857845342643,842.2083129882812,6630,0.0,0.0
2020-06-11 00:00:00+05:30,844.3423275526433,847.3978130759391,818.6856389921417,830.0347290039062,3567,0.0,0.0
2020-06-12 00:00:00+05:30,822.4201009214653,829.3556720360842,812.8655592587586,826.494140625,2480,0.0,0.0
2020-06-15 00:00:00+05:30,847.7373592961966,847.7373592961966,814.8056203014446,822.565673828125,1249,0.0,0.0
2020-06-16 00:00:00+05:30,857.4858977753433,857.4858977753433,815.775610892606,828.919189453125,1492,0.0,0.0
2020-06-17 00:00:00+05:30,847.7858196550239,847.7858196550239,807.8215334779816,816.4061279296875,1852,0.0,0.0
2020-06-18 00:00:00+05:30,824.5056980897225,841.9658187551519,809.0340793258426,836.0972900390625,3033,0.0,0.0
2020-06-19 00:00:00+05:30,836.1458304825987,837.1158372464997,815.8726654352637,821.2077026367188,7387,0.0,0.0
2020-06-22 00:00:00+05:30,824.6511434418967,852.6358104677096,824.6511434418967,837.6007080078125,13474,0.0,0.0
2020-06-23 00:00:00+05:30,842.9358574457394,857.5344470485173,834.2057967817444,845.4093627929688,2668,0.0,0.0
2020-06-24 00:00:00+05:30,845.8943335676345,875.9160528684233,838.0857914488569,866.02197265625,4522,0.0,0.0
2020-06-25 00:00:00+05:30,853.6544487658723,866.2160483175392,846.7189358614028,851.5689697265625,11627,0.0,0.0
2020-06-26 00:00:00+05:30,858.4559195740582,897.256187125428,850.0653380342706,885.131103515625,3558,0.0,0.0
2020-06-29 00:00:00+05:30,902.1062094807398,944.6895262767418,876.8860358823536,940.7124633789062,15862,0.0,0.0
2020-06-30 00:00:00+05:30,949.6366124520731,950.5096422127416,892.4062139488327,893.376220703125,5273,0.0,0.0
2020-07-01 00:00:00+05:30,894.3946658204167,906.956264425284,888.9626519826684,891.4361572265625,1276,0.0,0.0
2020-07-02 00:00:00+05:30,897.3046591666183,910.4967854149083,888.817100795378,891.484619140625,1816,0.0,0.0
2020-07-03 00:00:00+05:30,899.1962775431082,905.695334755682,882.7061624209584,886.6831665039062,2669,0.0,0.0
2020-07-06 00:00:00+05:30,893.3761357025224,906.8592519861336,887.9441220771225,892.066650390625,5098,0.0,0.0
2020-07-07 00:00:00+05:30,897.2076963925697,902.1547068112184,889.7871215600871,894.3946533203125,1314,0.0,0.0
2020-07-08 00:00:00+05:30,909.8662861557756,909.8662861557756,862.3359577745038,868.0590209960938,7847,0.0,0.0
2020-07-09 00:00:00+05:30,878.8260383030971,887.5076097939025,869.1259716551601,872.8604736328125,1093,0.0,0.0
2020-07-10 00:00:00+05:30,864.2759776994294,891.4361655508144,864.2759776994294,883.9671020507812,7918,0.0,0.0
2020-07-13 00:00:00+05:30,887.5561852806802,891.4362123201586,871.0660703628971,874.5095825195312,1311,0.0,0.0
2020-07-14 00:00:00+05:30,888.4777053562448,888.4777053562448,863.3060180453674,865.5855102539062,1412,0.0,0.0
2020-07-15 00:00:00+05:30,872.9575291781795,881.7360778483086,849.7743456937633,855.8853759765625,2353,0.0,0.0
2020-07-16 00:00:00+05:30,857.6314121393582,857.6314121393582,844.875800878279,853.2178344726562,2557,0.0,0.0
2020-07-17 00:00:00+05:30,846.9613241431736,877.856012045514,846.9613241431736,876.0615234375,1189,0.0,0.0
2020-07-20 00:00:00+05:30,890.4661178800309,892.4061312087455,866.4099644448706,873.5394897460938,2941,0.0,0.0
2020-07-21 00:00:00+05:30,877.8560468087966,890.4661336690335,858.455913177663,868.5440063476562,4257,0.0,0.0
2020-07-22 00:00:00+05:30,868.1074477215772,876.7404712293644,864.4699228491792,867.7194213867188,592,0.0,0.0
2020-07-23 00:00:00+05:30,877.3224973544686,877.8559891533845,855.7883385973188,864.4699096679688,3631,0.0,0.0
2020-07-24 00:00:00+05:30,861.0264724090688,870.8720049081974,858.7469211374647,868.0590209960938,503,0.0,0.0
2020-07-27 00:00:00+05:30,882.6091509494099,882.6091509494099,847.3978591415597,849.8228759765625,2002,0.0,0.0
2020-07-28 00:00:00+05:30,858.3104233521041,865.1490180984213,847.7858741115853,852.44189453125,896,0.0,0.0
2020-07-29 00:00:00+05:30,863.0634729143698,863.1119614091187,835.6607832714016,844.099853515625,4036,0.0,0.0
2020-07-30 00:00:00+05:30,852.8299366833888,852.8299366833888,836.2427859254599,839.5408325195312,818,0.0,0.0
2020-07-31 00:00:00+05:30,843.9542625173143,846.8157939368108,837.1157275686916,840.947265625,988,0.0,0.0
2020-08-03 00:00:00+05:30,842.8873315168514,868.1559941423266,834.205759734526,862.8694458007812,1919,0.0,0.0
2020-08-04 00:00:00+05:30,873.0060761740644,873.0060761740644,840.122823623036,844.4878540039062,4148,0.0,0.0
2020-08-05 00:00:00+05:30,843.9543677920961,866.7010381036545,843.9543677920961,854.1879272460938,2037,0.0,0.0
2020-08-06 00:00:00+05:30,858.4074397925459,868.0104705862658,858.4074397925459,862.5299682617188,2364,0.0,0.0
2020-08-07 00:00:00+05:30,867.1375417263738,872.0360639488099,856.7584577116644,864.0335083007812,2073,0.0,0.0
2020-08-10 00:00:00+05:30,871.9875382921612,885.6646091350387,866.7979669037067,880.1355590820312,2364,0.0,0.0
2020-08-11 00:00:00+05:30,881.2995637324213,894.2491885280389,864.5184598863292,886.1495971679688,3233,0.0,0.0
2020-08-12 00:00:00+05:30,890.4661187822452,950.6065320333337,863.3059321527213,935.7654418945312,40357,0.0,0.0
2020-08-13 00:00:00+05:30,936.0564346133705,944.7864946253087,913.7462812495286,918.2568359375,3951,0.0,0.0
2020-08-14 00:00:00+05:30,917.6748385950722,923.4463903758233,885.1311252289273,896.7227172851562,3373,0.0,0.0
2020-08-17 00:00:00+05:30,915.4438679920116,915.4438679920116,875.5766143498736,884.3551635742188,3657,0.0,0.0
2020-08-18 00:00:00+05:30,891.4361254551727,910.8362587621406,885.1795706227739,888.3320922851562,1874,0.0,0.0
2020-08-19 00:00:00+05:30,908.896297434381,927.326425130489,888.5261562965774,920.1968994140625,4442,0.0,0.0
2020-08-20 00:00:00+05:30,921.5063378689126,939.9364646262909,903.3672012720649,923.1068725585938,8541,0.0,0.0
2020-08-21 00:00:00+05:30,936.0564284964838,989.4067948874751,912.6792916324164,953.613525390625,15293,0.0,0.0
2020-08-24 00:00:00+05:30,977.7667903247337,1002.9869654719987,951.0916050728189,994.3538818359375,15491,0.0,0.0
2020-08-25 00:00:00+05:30,1002.9869110823926,1018.5070180237061,959.336610309948,972.7711791992188,12016,0.0,0.0
2020-08-26 00:00:00+05:30,976.7967431596273,1007.6430034651186,964.1866561079142,969.8126831054688,2076,0.0,0.0
2020-08-27 00:00:00+05:30,974.9052349047663,994.2568806669423,954.4866054402646,956.5721435546875,3485,0.0,0.0
2020-08-28 00:00:00+05:30,951.8190737566932,967.6301711155202,939.9364916894123,945.4170532226562,3179,0.0,0.0
2020-08-31 00:00:00+05:30,960.3550476449462,960.3550476449462,921.5062941382305,922.2822875976562,3984,0.0,0.0
2020-09-01 00:00:00+05:30,940.56700419011,940.906482847478,916.7048042570456,920.4878540039062,1949,0.0,0.0
2020-09-02 00:00:00+05:30,949.5880141321701,950.6065092654817,921.5063100022527,939.305908203125,926,0.0,0.0
2020-09-03 00:00:00+05:30,949.1515652070053,949.1515652070053,901.1362330887154,913.5523071289062,3118,0.0,0.0
2020-09-04 00:00:00+05:30,911.8063031024263,915.6863299241387,893.3761756992922,901.4757080078125,1863,0.0,0.0
2020-09-07 00:00:00+05:30,897.2561973743557,911.8062978723182,882.7060968763932,906.9077758789062,1331,0.0,0.0
2020-09-08 00:00:00+05:30,911.806248278739,942.8464609861003,911.806248278739,935.5714111328125,3681,0.0,0.0
2020-09-09 00:00:00+05:30,931.4974043929927,945.5625012745834,893.8611569921211,906.0347290039062,3180,0.0,0.0
2020-09-10 00:00:00+05:30,920.1968420411939,920.4878321984031,887.6045827300786,893.0851440429688,1636,0.0,0.0
2020-09-11 00:00:00+05:30,904.9192662401393,918.5963369093618,894.3461696203078,905.1132202148438,1675,0.0,0.0
2020-09-14 00:00:00+05:30,925.3864130684495,968.9882270764659,909.8178170165336,962.5376586914062,9323,0.0,0.0
2020-09-15 00:00:00+05:30,951.5765586878583,964.1866456021725,936.1534287031626,941.1489868164062,2965,0.0,0.0
2020-09-16 00:00:00+05:30,950.6065338394121,964.9141321803625,924.4163538254692,941.6339721679688,2461,0.0,0.0
2020-09-17 00:00:00+05:30,952.6257786415096,952.6257786415096,929.1765287057186,936.6510009765625,1965,7.0,0.0
2020-09-18 00:00:00+05:30,929.8605899942223,957.5111553073125,929.8117493111644,950.0366821289062,2794,0.0,0.0
2020-09-21 00:00:00+05:30,952.6258049967158,964.8389563428276,900.9397246461598,908.3653564453125,5874,0.0,0.0
2020-09-22 00:00:00+05:30,909.0004114244165,924.4378825505333,889.2151060937515,912.468994140625,1885,0.0,0.0
2020-09-23 00:00:00+05:30,913.5926415229005,924.4379566504927,872.5076087168363,878.1744995117188,5071,0.0,0.0
2020-09-24 00:00:00+05:30,875.389885141686,881.5941424362792,841.3884822710316,846.0294799804688,4302,0.0,0.0
2020-09-25 00:00:00+05:30,874.4616463675588,874.4616463675588,831.4713531383157,865.3262329101562,4842,0.0,0.0
2020-09-28 00:00:00+05:30,859.9035668354617,873.0449300801392,853.8947319392805,858.1937255859375,2427,0.0,0.0
2020-09-29 00:00:00+05:30,868.5016883512591,868.5016883512591,845.1989585686682,865.4239501953125,2314,0.0,0.0
2020-09-30 00:00:00+05:30,871.5793419094813,872.8006570737607,849.7910913056418,857.2655639648438,3340,0.0,0.0
2020-10-01 00:00:00+05:30,869.3321623036924,887.1633642840716,849.8888004000416,862.9813232421875,4629,0.0,0.0
2020-10-05 00:00:00+05:30,850.0353964520818,884.2322227461311,850.0353964520818,877.9790649414062,8546,0.0,0.0
2020-10-06 00:00:00+05:30,895.9567453254441,895.9567453254441,859.9035002039034,862.3461303710938,4055,0.0,0.0
2020-10-07 00:00:00+05:30,855.9953800417106,871.5305333578435,829.5661308393236,842.80517578125,9571,0.0,0.0
2020-10-08 00:00:00+05:30,857.8517523143778,858.8288044240753,839.6786069278162,843.7333374023438,2144,0.0,0.0
2020-10-09 00:00:00+05:30,844.1730499428949,844.9546797288989,835.3795806726563,842.1701049804688,1674,0.0,0.0
2020-10-12 00:00:00+05:30,844.2218756829044,849.88876607431,840.3136671875174,843.9287719726562,362,0.0,0.0
2020-10-13 00:00:00+05:30,846.175996958428,850.0353648521917,837.0894239507071,840.7045288085938,855,0.0,0.0
2020-10-14 00:00:00+05:30,841.6327643586625,846.7622882588836,838.9458708871181,840.362548828125,1003,0.0,0.0
2020-10-15 00:00:00+05:30,840.8022297286293,850.0353846264784,839.2878107978678,843.5379638671875,7459,0.0,0.0
2020-10-16 00:00:00+05:30,837.9199392110766,844.9547269472966,831.6668409390735,843.196044921875,1761,0.0,0.0
2020-10-19 00:00:00+05:30,835.4284010028133,878.9072202243472,830.5919810950853,866.3032836914062,3076,0.0,0.0
2020-10-20 00:00:00+05:30,852.0382824974675,889.1174220815086,852.0382824974675,886.9678955078125,2140,0.0,0.0
2020-10-21 00:00:00+05:30,891.120433949165,903.7732716795858,876.0738660716517,883.0597534179688,4120,0.0,0.0
2020-10-22 00:00:00+05:30,889.0686408330844,897.4712657056774,877.3928553851835,888.1892700195312,1613,0.0,0.0
2020-10-23 00:00:00+05:30,878.1744806944845,895.908001478736,878.1744806944845,882.6200561523438,106409,0.0,0.0
2020-10-26 00:00:00+05:30,889.0686017874373,902.7473316715489,868.159662253626,881.301025390625,1994,0.0,0.0
2020-10-27 00:00:00+05:30,874.5105713138164,886.1863571860075,874.4617306300736,883.2063598632812,1145,0.0,0.0
2020-10-28 00:00:00+05:30,882.3269890177723,903.7732970199085,874.1197862093393,883.2063598632812,2718,0.0,0.0
2020-10-29 00:00:00+05:30,869.8695382576394,885.3558509904254,869.6252752142314,881.8872680664062,564,0.0,0.0
2020-10-30 00:00:00+05:30,871.3839403649926,882.5711994638507,865.6682091134845,868.3551025390625,716,0.0,0.0
2020-11-02 00:00:00+05:30,874.5105044930458,878.3698723663891,860.8806152363165,869.8695068359375,1725,0.0,0.0
2020-11-03 00:00:00+05:30,868.6482521684183,876.8066738725356,859.805941627452,861.6134643554688,4777,0.0,0.0
2020-11-04 00:00:00+05:30,873.4846604905694,873.4846604905694,860.4410375686007,862.15087890625,1387,0.0,0.0
2020-11-05 00:00:00+05:30,867.719967606871,876.3669146863466,853.1619267377021,861.9065551757812,2076,0.0,0.0
2020-11-06 00:00:00+05:30,877.3928300331557,883.2551429287003,859.9035727076359,880.763671875,3788,0.0,0.0
2020-11-09 00:00:00+05:30,868.6481950275908,883.2551364792363,864.7399864590985,876.415771484375,1165,0.0,0.0
2020-11-10 00:00:00+05:30,869.6252138366696,891.5600455134681,861.076007920787,865.3750610351562,4438,0.0,0.0
2020-11-11 00:00:00+05:30,866.6941255302862,891.0227486994524,864.7888618497677,885.7466430664062,5148,0.0,0.0
2020-11-12 00:00:00+05:30,869.6252485215497,882.5711894248046,864.8865694786987,875.438720703125,6592,0.0,0.0
2020-11-13 00:00:00+05:30,877.979041510244,880.8125166099452,855.9465273699795,860.0989990234375,6214,0.0,0.0
2020-11-14 00:00:00+05:30,869.5275791182036,877.050892654608,860.9783727437737,866.8895263671875,1259,0.0,0.0
2020-11-17 00:00:00+05:30,878.3698998266607,878.3698998266607,859.805908617866,868.3062744140625,15851,0.0,0.0
2020-11-18 00:00:00+05:30,869.5275570962992,890.1433332347052,864.7888184737684,882.7666015625,4411,0.0,0.0
2020-11-19 00:00:00+05:30,903.7731927525916,974.1209439722528,894.051512427969,958.6835327148438,34366,0.0,0.0
2020-11-20 00:00:00+05:30,976.0750434208576,976.0750434208576,937.970011695719,952.8700561523438,3810,0.0,0.0
2020-11-23 00:00:00+05:30,972.6064803481246,972.704161699842,936.4067136271756,945.737548828125,2661,0.0,0.0
2020-11-24 00:00:00+05:30,948.8152895981171,965.3274942750545,942.9529768798475,944.7605590820312,1270,0.0,0.0
2020-11-25 00:00:00+05:30,946.8124124335583,991.7079724739402,943.4904707695378,948.8642578125,16178,0.0,0.0
2020-11-26 00:00:00+05:30,949.206189314723,967.2328138951103,943.148453894506,949.1573486328125,1822,0.0,0.0
2020-11-27 00:00:00+05:30,933.0847913779861,964.9366672089096,933.0847913779861,949.3038330078125,2009,0.0,0.0
2020-12-01 00:00:00+05:30,949.2061779015606,976.0751124278529,942.8553388317098,957.218017578125,4340,0.0,0.0
2020-12-02 00:00:00+05:30,967.2815786052537,975.0491547239893,943.0995391401224,959.1720581054688,10887,0.0,0.0
2020-12-03 00:00:00+05:30,972.1669097665196,976.0751184489981,943.4904524126466,953.0655517578125,7240,0.0,0.0
2020-12-04 00:00:00+05:30,968.307470682075,977.1497802501609,943.0995384575132,950.4274291992188,7096,0.0,0.0
2020-12-07 00:00:00+05:30,950.769441958635,1007.1942047277942,950.769441958635,997.0328979492188,21178,0.0,0.0
2020-12-08 00:00:00+05:30,994.5902876720356,1030.7411590287788,982.0840315803384,999.3778076171875,19432,0.0,0.0
2020-12-09 00:00:00+05:30,999.3778024216757,1023.9506886999192,986.8227057127083,995.2742309570312,17126,0.0,0.0
2020-12-10 00:00:00+05:30,987.1157636711196,1016.1342241135768,986.5295562417891,992.5383911132812,21295,0.0,0.0
2020-12-11 00:00:00+05:30,1006.3147850847645,1011.3955276792789,992.9292187244662,1004.9957885742188,8359,0.0,0.0
2020-12-14 00:00:00+05:30,1009.2460063364961,1015.4503831237222,991.7079673312204,994.7857055664062,8121,0.0,0.0
2020-12-15 00:00:00+05:30,1010.2718835250928,1050.331020105875,996.5931539609232,1039.0460205078125,33661,0.0,0.0
2020-12-16 00:00:00+05:30,1039.0461124701285,1048.6701720376705,1018.0883905263257,1044.5177001953125,5804,0.0,0.0
2020-12-17 00:00:00+05:30,1054.2392102535835,1064.9867832960203,1026.8817516001077,1035.9683837890625,5446,0.0,0.0
2020-12-18 00:00:00+05:30,1036.9941840031343,1051.308020590825,1016.3784093119012,1022.9735107421875,8202,0.0,0.0
2020-12-21 00:00:00+05:30,1007.3407844059207,1043.638296272032,958.5858574077283,972.0203247070312,7955,0.0,0.0
2020-12-22 00:00:00+05:30,972.118095072282,1049.3540592975858,952.8701548696188,1018.7722778320312,7132,0.0,0.0
2020-12-23 00:00:00+05:30,1022.9735403298528,1069.6766780353416,1017.0135464224295,1054.6788330078125,210591,0.0,0.0
2020-12-24 00:00:00+05:30,1064.9866680330726,1103.0916956048982,1048.5721469099003,1066.0614013671875,24480,0.0,0.0
2020-12-28 00:00:00+05:30,1071.3865766809772,1087.0681920376223,1055.6071606946405,1067.8203125,183646,0.0,0.0
2020-12-29 00:00:00+05:30,1092.344410220039,1122.6330298236358,1077.4443634795598,1107.195556640625,224128,0.0,0.0
2020-12-30 00:00:00+05:30,1113.8395012032606,1113.8395012032606,1085.6515692590792,1097.473876953125,130864,0.0,0.0
2020-12-31 00:00:00+05:30,1102.9453902746093,1107.0978622682717,1055.314093876717,1067.4295654296875,22761,0.0,0.0
2021-01-01 00:00:00+05:30,1067.4296258579668,1085.4561928845044,1050.4288921735529,1060.63916015625,6558,0.0,0.0
2021-01-04 00:00:00+05:30,1074.5620756582512,1099.1837438120124,1056.2423465947174,1080.1312255859375,82388,0.0,0.0
2021-01-05 00:00:00+05:30,1107.0000733044778,1107.0000733044778,1064.986831334405,1072.217041015625,9464,0.0,0.0
2021-01-06 00:00:00+05:30,1077.5420779176807,1084.5280255396115,1046.422986804436,1054.1417236328125,19630,0.0,0.0
2021-01-07 00:00:00+05:30,1059.3688085753477,1152.9215532570074,1057.2193415226632,1139.1451416015625,58260,0.0,0.0
2021-01-08 00:00:00+05:30,1144.1280456828545,1158.0510385530342,1110.859372906485,1148.5247802734375,49345,0.0,0.0
2021-01-11 00:00:00+05:30,1162.6919037951782,1168.554215915154,1094.2982623954617,1098.4996337890625,9114,0.0,0.0
2021-01-12 00:00:00+05:30,1103.9224177536732,1152.921610033929,1098.6952122738585,1150.088134765625,14162,0.0,0.0
2021-01-13 00:00:00+05:30,1160.7380421022324,1172.4626687901339,1089.9506561816563,1108.5146484375,10379,0.0,0.0
2021-01-14 00:00:00+05:30,1117.4544219889533,1117.4544219889533,1093.3212831953022,1097.718017578125,6047,0.0,0.0
2021-01-15 00:00:00+05:30,1115.7935295951972,1118.7246859776717,1075.7343923680494,1081.2547607421875,3824,0.0,0.0
2021-01-18 00:00:00+05:30,1080.619687086883,1080.619687086883,1026.979499742049,1039.3392333984375,7619,0.0,0.0
2021-01-19 00:00:00+05:30,1044.517532631306,1064.5470994812529,1007.3406547461028,1013.1052856445312,13084,0.0,0.0
2021-01-20 00:00:00+05:30,1033.7213176120883,1037.9714711983604,1018.0884810508469,1031.034423828125,28274,0.0,0.0
2021-01-21 00:00:00+05:30,1064.7915094866235,1067.6248653827677,1030.9854087698916,1060.88330078125,10875,0.0,0.0
2021-01-22 00:00:00+05:30,1059.5153269300804,1059.5153269300804,1026.44213701671,1027.6634521484375,8812,0.0,0.0
2021-01-25 00:00:00+05:30,1026.0025041617414,1035.5776635487828,997.7657310103132,1017.2579345703125,2352,0.0,0.0
2021-01-27 00:00:00+05:30,1007.2431795349318,1029.764162138247,995.0788672023306,1021.0195922851562,2756,0.0,0.0
2021-01-28 00:00:00+05:30,1013.3007379176305,1019.74925810749,1009.3437483613582,1018.5768432617188,3159,0.0,0.0
2021-01-29 00:00:00+05:30,1023.6086790797083,1030.7899883198788,1011.2489458872745,1015.2060546875,2387,0.0,0.0
2021-02-01 00:00:00+05:30,1007.2920129740701,1035.2358039473104,983.1100283757445,1026.149169921875,2070,0.0,0.0
2021-02-02 00:00:00+05:30,1044.4686212659492,1045.445673297068,1011.1999518987368,1030.15478515625,2563,0.0,0.0
2021-02-03 00:00:00+05:30,1049.3540043771118,1049.3540043771118,1019.0653878634334,1031.1319580078125,8403,0.0,0.0
2021-02-04 00:00:00+05:30,1046.422689857726,1046.422689857726,1017.1111299177338,1020.33544921875,14673,0.0,0.0
2021-02-05 00:00:00+05:30,1032.6953361454396,1045.3482344450433,1016.1343480838186,1033.57470703125,5944,0.0,0.0
2021-02-08 00:00:00+05:30,1047.5951711121343,1047.5951711121343,1009.4413597273684,1025.9046630859375,39229,0.0,0.0
2021-02-09 00:00:00+05:30,1043.4916787527407,1043.4916787527407,1020.0424275448138,1022.19189453125,4502,0.0,0.0
2021-02-10 00:00:00+05:30,1022.2406844646654,1044.4686181053546,1011.5907935038884,1032.597412109375,31946,0.0,0.0
2021-02-11 00:00:00+05:30,1028.8357953542536,1043.6869386147112,1020.7751160459225,1025.0252685546875,3896,0.0,0.0
2021-02-12 00:00:00+05:30,1029.7153381422856,1029.7153381422856,1007.3408188930778,1008.31787109375,7033,0.0,0.0
2021-02-15 00:00:00+05:30,1033.6721781028748,1055.0208610070883,1001.4783604667114,1007.6826171875,10005,0.0,0.0
2021-02-16 00:00:00+05:30,1012.9588107202661,1030.74111204096,1005.3377562862198,1014.1312255859375,8235,0.0,0.0
2021-02-17 00:00:00+05:30,1019.4561788877037,1043.4916365499305,1004.4095527840154,1036.4569091796875,8781,0.0,0.0
2021-02-18 00:00:00+05:30,1030.790037731126,1088.4361156705918,1030.790037731126,1082.52490234375,22026,0.0,0.0
2021-02-19 00:00:00+05:30,1091.367181947638,1113.7416986095068,1075.734348544628,1095.5196533203125,62170,0.0,0.0
2021-02-22 00:00:00+05:30,1100.1606064838402,1113.3997094471044,1045.592273435232,1054.6300048828125,6335,0.0,0.0
2021-02-23 00:00:00+05:30,1056.1932436829254,1104.0687931190619,1056.1932436829254,1070.7513427734375,7488,0.0,0.0
2021-02-24 00:00:00+05:30,1056.5352422943663,1103.9222681492577,1041.1466720425203,1083.6484375,20192,0.0,0.0
2021-02-25 00:00:00+05:30,1089.3154235435647,1114.5232964722156,1056.3886958070975,1075.4901123046875,19804,0.0,0.0
2021-02-26 00:00:00+05:30,977.052198235031,1040.365228388288,977.0033575520259,1027.272705078125,95926,0.0,0.0
2021-03-01 00:00:00+05:30,1060.101593800103,1060.101593800103,1007.3896774657782,1012.3726196289062,4175,0.0,0.0
2021-03-02 00:00:00+05:30,1029.812872337605,1029.812872337605,1010.2718311167775,1016.6715698242188,3861,0.0,0.0
2021-03-03 00:00:00+05:30,1021.9964500849779,1031.7669706402837,1016.1341377517945,1021.0682983398438,5290,0.0,0.0
2021-03-04 00:00:00+05:30,1024.4392459184812,1024.4392459184812,1011.3467224029529,1016.2808837890625,8495,0.0,0.0
2021-03-05 00:00:00+05:30,1025.9047506002446,1025.9047506002446,1010.7604423770982,1014.864013671875,7323,0.0,0.0
2021-03-08 00:00:00+05:30,1024.927616477782,1049.3539181097597,1016.1341478902701,1021.752197265625,8332,0.0,0.0
2021-03-09 00:00:00+05:30,1026.8818027436735,1029.6175964528984,1008.5131747395877,1014.864013671875,4508,0.0,0.0
2021-03-10 00:00:00+05:30,1022.3385050003005,1022.9736127588822,1009.0995197777048,1011.6398315429688,2156,0.0,0.0
2021-03-12 00:00:00+05:30,1029.8128943034947,1029.8128943034947,994.6390193557472,999.328857421875,10174,0.0,0.0
2021-03-15 00:00:00+05:30,1011.2489913758881,1011.2489913758881,967.6235883289031,981.9862670898438,10436,0.0,0.0
2021-03-16 00:00:00+05:30,979.2015949376608,1000.5013181031868,970.2615446574403,982.3770141601562,17897,0.0,0.0
2021-03-17 00:00:00+05:30,996.5932363168353,1015.059546608284,962.3964095804732,971.9226684570312,10217,0.0,0.0
2021-03-18 00:00:00+05:30,986.7737963960801,987.3111631329281,942.8064511798686,947.4474487304688,9989,0.0,0.0
2021-03-19 00:00:00+05:30,954.1890441572103,955.5569409326015,918.575543299399,940.5103149414062,5078,0.0,0.0
2021-03-22 00:00:00+05:30,950.6717747992355,958.3905109047588,909.2447383539655,918.0382080078125,11315,0.0,0.0
2021-03-23 00:00:00+05:30,927.2224477068821,937.9700208625993,918.4289787612952,927.5643920898438,3586,0.0,0.0
2021-03-24 00:00:00+05:30,934.9412058110676,934.9412058110676,881.3987014504421,894.1981201171875,22205,0.0,0.0
2021-03-25 00:00:00+05:30,900.8421344922406,917.4520220045704,884.3299283467578,911.8828125,14352,0.0,0.0
2021-03-26 00:00:00+05:30,917.451976345894,917.451976345894,899.0834077027228,909.6355590820312,5217,0.0,0.0
2021-03-30 00:00:00+05:30,921.3601604137906,947.7405679760094,910.6125869625163,936.2113647460938,5106,0.0,0.0
2021-03-31 00:00:00+05:30,942.85528797315,951.4533346308699,930.3978735465616,941.1454467773438,7118,0.0,0.0
2021-04-01 00:00:00+05:30,958.4881275796062,987.7508504351655,957.511075461788,972.4599609375,12883,0.0,0.0
2021-04-05 00:00:00+05:30,976.0751213278725,976.0751213278725,932.1077735203106,959.8560791015625,7160,0.0,0.0
2021-04-06 00:00:00+05:30,970.8967630380157,977.0521798441272,957.5111362472446,971.9714965820312,13480,0.0,0.0
2021-04-07 00:00:00+05:30,978.9084849888119,1060.101487505217,972.0202202425633,1024.19482421875,55328,0.0,0.0
2021-04-08 00:00:00+05:30,1010.2719547404821,1050.3310941450852,1004.7028050186876,1040.2186279296875,20217,0.0,0.0
2021-04-09 00:00:00+05:30,1048.3769500597607,1071.5330381549477,1034.0631123025232,1050.5753173828125,18980,0.0,0.0
2021-04-12 00:00:00+05:30,1040.5604909511621,1046.9602299411602,981.9373647003925,991.7078857421875,9907,0.0,0.0
2021-04-13 00:00:00+05:30,1010.174231360848,1011.2489648609945,974.1209835424266,983.549560546875,6265,0.0,0.0
2021-04-15 00:00:00+05:30,983.5496048166718,1006.7056938684156,968.4541366478975,986.5296020507812,5594,0.0,0.0
2021-04-16 00:00:00+05:30,990.7308247759665,1002.4554499212443,977.5894621653956,998.302978515625,3660,0.0,0.0
2021-04-19 00:00:00+05:30,996.0896440689229,1037.4089181932634,985.5138774775738,1024.7672119140625,9749,7.0,0.0
2021-04-20 00:00:00+05:30,1013.3550648980918,1036.916836825284,1006.3209276128421,1011.8301391601562,4997,0.0,0.0
2021-04-22 00:00:00+05:30,1021.1762740555952,1066.3323587475154,997.5652619387027,1035.1953125,17292,0.0,0.0
2021-04-23 00:00:00+05:30,1035.9330749365895,1062.4954614734252,1033.227646678208,1044.0001220703125,11697,0.0,0.0
2021-04-26 00:00:00+05:30,1072.284164675194,1072.284164675194,1031.6043848533452,1060.18359375,10010,0.0,0.0
2021-04-27 00:00:00+05:30,1067.4144483675304,1079.2199537872634,1052.1656705337086,1067.1192626953125,10633,0.0,0.0
2021-04-28 00:00:00+05:30,1034.4574731785003,1034.4574731785003,998.5490587505259,1005.7799072265625,27780,0.0,0.0
2021-04-29 00:00:00+05:30,1005.7797718164945,1044.3936095301133,997.8110802812165,1031.260009765625,16824,0.0,0.0
2021-04-30 00:00:00+05:30,1034.9492785936689,1057.5764966617814,1028.0627339642433,1041.147216796875,10370,0.0,0.0
2021-05-03 00:00:00+05:30,1031.997985160691,1034.7526512702968,1008.3869731074436,1016.7492065429688,11294,0.0,0.0
2021-05-04 00:00:00+05:30,1027.0297927506804,1037.9007443179414,1013.3059399502177,1019.6022338867188,4436,0.0,0.0
2021-05-05 00:00:00+05:30,1009.4199740602867,1030.571505086559,1009.3707364165233,1023.0454711914062,3053,0.0,0.0
2021-05-06 00:00:00+05:30,1032.686529841962,1032.686529841962,1008.3869127614112,1018.52001953125,15547,0.0,0.0
2021-05-07 00:00:00+05:30,1028.0135587782331,1038.5893243873636,1003.4679926802798,1014.3880615234375,21552,0.0,0.0
2021-05-10 00:00:00+05:30,1014.3880304027197,1045.426719809811,1014.2896752091316,1018.3724365234375,19236,0.0,0.0
2021-05-11 00:00:00+05:30,1018.175597579714,1029.8827477228508,986.0548211724761,993.5316772460938,10124,0.0,0.0
2021-05-12 00:00:00+05:30,998.5490656274777,1023.0946325537112,998.5490656274777,1006.8621215820312,9034,0.0,0.0
2021-05-14 00:00:00+05:30,1015.1258483484914,1031.850313949341,1008.3868965218049,1013.1582641601562,7955,0.0,0.0
2021-05-17 00:00:00+05:30,1004.4517033713764,1023.0945150593238,1004.4517033713764,1017.33935546875,3647,0.0,0.0
2021-05-18 00:00:00+05:30,1027.079022264214,1057.0846833552662,1009.3707632596586,1015.32275390625,20956,0.0,0.0
2021-05-19 00:00:00+05:30,1018.2248783387354,1022.6519430271646,998.9917537570741,1005.533935546875,3067,0.0,0.0
2021-05-20 00:00:00+05:30,1006.2717281975,1040.4585037652776,1005.5338841204976,1020.9794921875,8273,0.0,0.0
2021-05-21 00:00:00+05:30,1028.06287603551,1034.4575255036734,1015.2735770991831,1029.6861572265625,6953,0.0,0.0
2021-05-24 00:00:00+05:30,1039.3763981768132,1052.7559472916303,1028.7022774528964,1043.2623291015625,6078,0.0,0.0
2021-05-25 00:00:00+05:30,1043.8526286404685,1071.3495690848495,1019.0609963090413,1022.8485717773438,21662,0.0,0.0
2021-05-26 00:00:00+05:30,1025.1607154164478,1038.0974868407527,1016.0606375187822,1025.8985595703125,6896,0.0,0.0
2021-05-27 00:00:00+05:30,1037.8514505718786,1037.8514505718786,1017.7821873661057,1019.7988891601562,2803,0.0,0.0
2021-05-28 00:00:00+05:30,1031.9979318686308,1031.9979318686308,984.7759102006667,992.843017578125,16440,0.0,0.0
2021-05-31 00:00:00+05:30,994.6138122641472,1018.2248226443049,993.6300201649739,998.1062622070312,8009,0.0,0.0
2021-06-01 00:00:00+05:30,1013.2566283003033,1017.9788784307382,980.8899041438681,987.4813232421875,8478,0.0,0.0
2021-06-02 00:00:00+05:30,1002.4350281161339,1089.0579153348017,979.0207868416946,1070.0706787109375,140337,0.0,0.0
2021-06-03 00:00:00+05:30,1089.0086900819529,1113.652731876187,1057.5765784159903,1077.547607421875,67491,0.0,0.0
2021-06-04 00:00:00+05:30,1105.7823550343298,1152.95513967011,1053.395424068513,1088.0740966796875,104381,0.0,0.0
2021-06-07 00:00:00+05:30,1099.830408046303,1116.6041125759104,1073.5139675076198,1080.4005126953125,22090,0.0,0.0
2021-06-08 00:00:00+05:30,1096.8297908054926,1096.8297908054926,1054.723442635585,1059.8392333984375,18948,0.0,0.0
2021-06-09 00:00:00+05:30,1069.3819289804098,1109.668164284764,1042.819544359921,1051.5753173828125,45670,0.0,0.0
2021-06-10 00:00:00+05:30,1053.6414383114295,1097.6169012854584,1053.6414383114295,1061.8560791015625,21363,0.0,0.0
2021-06-11 00:00:00+05:30,1067.4144883546749,1081.1875785269933,1027.0297723484007,1043.6558837890625,25835,0.0,0.0
2021-06-14 00:00:00+05:30,1081.1875532436732,1081.1875532436732,1054.6251656753573,1058.11767578125,33249,0.0,0.0
2021-06-15 00:00:00+05:30,1067.414522843626,1077.2524447131525,1048.771708937601,1053.1495361328125,18601,0.0,0.0
2021-06-16 00:00:00+05:30,1062.4955780225764,1121.5231101349416,1033.326115218685,1072.8746337890625,98666,0.0,0.0
2021-06-17 00:00:00+05:30,1072.9236288170007,1090.0416351930878,1064.0695000112808,1069.332763671875,19303,0.0,0.0
2021-06-18 00:00:00+05:30,1080.154467214492,1080.2037048552609,1013.3550809931539,1058.3143310546875,18060,0.0,0.0
2021-06-21 00:00:00+05:30,1042.8196198112653,1061.2657215767947,1033.3260020842445,1045.77099609375,22878,0.0,0.0
2021-06-22 00:00:00+05:30,1054.8710316407755,1072.3333406280674,1045.7709551262712,1048.132080078125,11670,0.0,0.0
2021-06-23 00:00:00+05:30,1054.5268297125267,1067.4144828604979,1038.8845105075443,1051.968994140625,11556,0.0,0.0
2021-06-24 00:00:00+05:30,1049.7062673322241,1062.4463281633052,1047.7386829510954,1050.14892578125,4558,0.0,0.0
2021-06-25 00:00:00+05:30,1051.9689813444556,1078.9740274995352,1047.9353375046512,1065.0533447265625,22256,0.0,0.0
2021-06-28 00:00:00+05:30,1076.2685050098441,1096.928138104183,1071.3495447492874,1073.4647216796875,21179,0.0,0.0
2021-06-29 00:00:00+05:30,1072.4316711227361,1100.568099247331,1071.3495239048289,1088.467529296875,19508,0.0,0.0
2021-06-30 00:00:00+05:30,1092.009233632957,1106.7661151685375,1082.1713126092366,1088.5167236328125,16425,0.0,0.0
2021-07-01 00:00:00+05:30,1094.9607054605885,1121.2279088486564,1087.0903679550318,1106.520263671875,25682,0.0,0.0
2021-07-02 00:00:00+05:30,1123.4905965912067,1144.0518758361507,1112.3245800917841,1122.949462890625,49650,0.0,0.0
2021-07-05 00:00:00+05:30,1133.8204394300906,1158.9071389576109,1115.6695225145513,1146.068603515625,25894,0.0,0.0
2021-07-06 00:00:00+05:30,1157.0379123345706,1174.647815666527,1106.9628683686146,1125.5074462890625,71452,0.0,0.0
2021-07-07 00:00:00+05:30,1125.4581961185402,1157.9233363911903,1118.0797551474832,1140.3626708984375,81869,0.0,0.0
2021-07-08 00:00:00+05:30,1160.776467828668,1170.712745261684,1132.8367446796883,1138.1983642578125,14220,0.0,0.0
2021-07-09 00:00:00+05:30,1159.8417550696827,1159.8417550696827,1121.8182829764967,1139.3297119140625,15893,0.0,0.0
2021-07-12 00:00:00+05:30,1143.1663794975175,1156.4968100146107,1122.5067461331046,1153.7913818359375,18719,0.0,0.0
2021-07-13 00:00:00+05:30,1159.8909256516138,1198.2588188665527,1144.1502515121517,1152.61083984375,25004,0.0,0.0
2021-07-14 00:00:00+05:30,1162.8423835975514,1170.7127212191929,1132.6400110112302,1162.596435546875,13480,0.0,0.0
2021-07-15 00:00:00+05:30,1162.4488149111576,1168.892701721572,1138.296788967163,1155.955810546875,16525,0.0,0.0
2021-07-16 00:00:00+05:30,1173.3197465626188,1173.3197465626188,1149.8070898617354,1156.2509765625,4666,0.0,0.0
2021-07-19 00:00:00+05:30,1166.7774688856762,1166.7774688856762,1142.1334279353032,1156.1524658203125,11791,0.0,0.0
2021-07-20 00:00:00+05:30,1148.085374543665,1249.4159603003038,1134.4106404086308,1182.075439453125,193830,0.0,0.0
2021-07-22 00:00:00+05:30,1192.3559783730034,1210.0642354775528,1163.3833502025593,1190.2900390625,26563,0.0,0.0
2021-07-23 00:00:00+05:30,1185.4694456533907,1208.0966632882687,1185.4694456533907,1203.620361328125,12128,0.0,0.0
2021-07-26 00:00:00+05:30,1210.0643504899447,1218.8692422393037,1197.2750524766363,1205.6865234375,12893,0.0,0.0
2021-07-27 00:00:00+05:30,1205.686460077492,1210.4085901176254,1177.1072514436614,1202.4891357421875,14477,0.0,0.0
2021-07-28 00:00:00+05:30,1202.6858545318278,1233.675305998292,1180.550532055782,1226.4444580078125,15527,0.0,0.0
2021-07-29 00:00:00+05:30,1194.3236837064303,1289.7515233435997,1194.3236837064303,1278.9298095703125,64538,0.0,0.0
2021-07-30 00:00:00+05:30,1289.7514420684015,1341.8924233266969,1283.848689473123,1297.1298828125,55093,0.0,0.0
2021-08-02 00:00:00+05:30,1290.735175748793,1335.8912550772677,1234.659028631658,1250.3504638671875,66085,0.0,0.0
2021-08-03 00:00:00+05:30,1266.6323847819363,1283.8487472935353,1248.4814677707188,1259.8934326171875,13599,0.0,0.0
2021-08-04 00:00:00+05:30,1269.0919060394965,1296.6380869457803,1236.8234746554085,1240.5126953125,30456,0.0,0.0
2021-08-05 00:00:00+05:30,1263.8777953423198,1263.8777953423198,1200.6691462903202,1215.9671630859375,20599,0.0,0.0
2021-08-06 00:00:00+05:30,1232.9866383105543,1232.9866383105543,1210.5561312789841,1214.3929443359375,5711,0.0,0.0
2021-08-09 00:00:00+05:30,1214.3929735687536,1237.5612051121072,1187.4862840662115,1196.9306640625,9523,0.0,0.0
2021-08-10 00:00:00+05:30,1204.407399875457,1223.492989389087,1092.0583974194049,1138.9852294921875,21819,0.0,0.0
2021-08-11 00:00:00+05:30,1146.1671017462659,1217.9346916376205,1084.4832613828735,1204.456787109375,54891,0.0,0.0
2021-08-12 00:00:00+05:30,1218.721854743579,1250.006375401818,1192.3069374640502,1233.7738037109375,15448,0.0,0.0
2021-08-13 00:00:00+05:30,1309.4273048066461,1318.7240922548374,1190.3884589151328,1206.96533203125,36439,0.0,0.0
2021-08-16 00:00:00+05:30,1211.0480593029322,1220.9352178156864,1182.5180887750807,1188.0765380859375,10806,0.0,0.0
2021-08-17 00:00:00+05:30,1185.518699896493,1211.9334933566051,1185.518699896493,1196.9306640625,13784,0.0,0.0
2021-08-18 00:00:00+05:30,1202.6366398012683,1213.9994869255052,1185.4695151906271,1200.275634765625,33575,0.0,0.0
2021-08-20 00:00:00+05:30,1189.5523043767407,1204.1615938127231,1170.7126606512586,1176.959716796875,7014,0.0,0.0
2021-08-23 00:00:00+05:30,1202.193829937665,1213.9009788138462,1111.6849654906396,1118.3255615234375,24662,0.0,0.0
2021-08-24 00:00:00+05:30,1135.2961524126463,1156.0050254132257,1081.4827693081493,1135.1485595703125,77552,0.0,0.0
2021-08-25 00:00:00+05:30,1168.5483044098232,1168.5483044098232,1133.3777368350309,1151.4302978515625,10166,0.0,0.0
2021-08-26 00:00:00+05:30,1141.1989609012448,1177.5992725851638,1141.1989609012448,1156.05419921875,8410,0.0,0.0
2021-08-27 00:00:00+05:30,1164.8099174734443,1195.30747443432,1160.8255111886035,1176.8121337890625,14785,0.0,0.0
2021-08-30 00:00:00+05:30,1180.5505301111498,1205.1453328217988,1173.4672749672068,1188.863525390625,7056,0.0,0.0
2021-08-31 00:00:00+05:30,1209.8183958870923,1209.8183958870923,1160.6287884104877,1165.2525634765625,6448,0.0,0.0
2021-09-01 00:00:00+05:30,1180.501202397205,1187.5353394541105,1157.1361416048337,1177.2547607421875,8388,0.0,0.0
2021-09-02 00:00:00+05:30,1181.4359090209653,1181.4359090209653,1164.859036826241,1167.9578857421875,5776,0.0,0.0
2021-09-03 00:00:00+05:30,1180.5013298046142,1180.5013298046142,1160.8747246575115,1164.859130859375,4165,0.0,0.0
2021-09-06 00:00:00+05:30,1164.8592354298962,1186.256716385769,1133.3286464903742,1150.4466552734375,6476,0.0,0.0
2021-09-07 00:00:00+05:30,1150.9876136042838,1168.6958728542845,1140.65779570845,1144.789794921875,4636,0.0,0.0
2021-09-08 00:00:00+05:30,1145.3307987250741,1154.8244172042275,1133.5252926598434,1144.9373779296875,2813,0.0,0.0
2021-09-09 00:00:00+05:30,1159.841771060802,1159.891008707739,1128.950791923553,1134.4107666015625,6049,0.0,0.0
2021-09-13 00:00:00+05:30,1145.134000621161,1158.0708907118321,1126.4419507828432,1152.6600341796875,7731,0.0,0.0
2021-09-14 00:00:00+05:30,1163.2850719354933,1163.826205697611,1131.1643517654816,1141.0513916015625,4138,0.0,0.0
2021-09-15 00:00:00+05:30,1151.92227864772,1173.7624168376321,1141.1989199505113,1152.561767578125,8395,0.0,0.0
2021-09-16 00:00:00+05:30,1150.2988541421978,1159.8908266270269,1141.2480153214392,1152.856689453125,6166,0.0,0.0
2021-09-17 00:00:00+05:30,1165.793741453824,1165.793741453824,1117.1943834035453,1125.3106689453125,5671,0.0,0.0
2021-09-20 00:00:00+05:30,1125.3105443449797,1144.88803071455,1116.6040084734816,1121.227783203125,4407,0.0,0.0
2021-09-21 00:00:00+05:30,1121.2770165117058,1128.8030498973094,1100.8140933326772,1118.3748779296875,4135,0.0,0.0
2021-09-22 00:00:00+05:30,1118.374973135008,1154.9227557274605,1111.685138424576,1131.0657958984375,7929,0.0,0.0
2021-09-23 00:00:00+05:30,1139.2312075000682,1150.052920179257,1114.7347611442706,1129.1473388671875,10590,0.0,0.0
2021-09-24 00:00:00+05:30,1137.2144426423074,1150.8891770031917,1125.4581749529063,1142.4285888671875,9471,0.0,0.0
2021-09-27 00:00:00+05:30,1149.8563262235339,1153.2503611434674,1120.7852198188912,1131.60693359375,5179,0.0,0.0
2021-09-28 00:00:00+05:30,1123.0478848666166,1133.3284639551823,1097.9119494565828,1108.4384765625,6222,0.0,0.0
2021-09-29 00:00:00+05:30,1114.8823468672206,1138.2966458242508,1101.9454573193616,1133.377685546875,7742,0.0,0.0
2021-09-30 00:00:00+05:30,1140.2151167065438,1217.6395118836263,1140.2151167065438,1203.76806640625,59461,0.0,0.0
2021-10-01 00:00:00+05:30,1203.7680752505776,1226.78883604803,1166.8267513204207,1180.747314453125,17336,0.0,0.0
2021-10-04 00:00:00+05:30,1214.9831446244295,1214.9831446244295,1171.8930061143901,1185.71533203125,5899,0.0,0.0
2021-10-05 00:00:00+05:30,1180.550554106379,1198.2588124179747,1166.9741746974305,1172.0899658203125,8729,0.0,0.0
2021-10-06 00:00:00+05:30,1170.7126341850903,1200.0296876829211,1156.9395443711483,1165.006591796875,7333,0.0,0.0
2021-10-07 00:00:00+05:30,1187.2403572995943,1205.1453255278557,1165.793641428987,1194.86474609375,9601,0.0,0.0
2021-10-08 00:00:00+05:30,1208.0966639176797,1209.0804559892738,1190.388406628984,1194.2252197265625,7620,0.0,0.0
2021-10-11 00:00:00+05:30,1206.0308121883072,1206.0308121883072,1173.0245377521187,1195.897705078125,9801,0.0,0.0
2021-10-12 00:00:00+05:30,1201.1118844281789,1201.1118844281789,1171.3521712842712,1180.747314453125,7500,0.0,0.0
2021-10-13 00:00:00+05:30,1179.9110283662515,1196.5863764774665,1175.6807944011978,1179.0748291015625,7163,0.0,0.0
2021-10-14 00:00:00+05:30,1194.323602065931,1196.881437491862,1171.6963839048797,1174.4510498046875,6152,0.0,0.0
2021-10-18 00:00:00+05:30,1189.4046910565658,1189.4046910565658,1162.842303415104,1169.6304931640625,5997,0.0,0.0
2021-10-19 00:00:00+05:30,1179.1732382006585,1181.5343633614589,1160.8747283651303,1161.8585205078125,6479,0.0,0.0
2021-10-20 00:00:00+05:30,1160.874617507726,1160.874617507726,1124.9662077288854,1134.0662841796875,6238,0.0,0.0
2021-10-21 00:00:00+05:30,1150.7908477819285,1157.8249855524953,1112.6689026213817,1120.342529296875,7601,0.0,0.0
2021-10-22 00:00:00+05:30,1121.5230326052706,1153.3486841174172,1096.9282292586638,1105.634765625,7524,0.0,0.0
2021-10-25 00:00:00+05:30,1106.766044338074,1126.4418851263065,1074.5468550473433,1084.2371826171875,7618,0.0,0.0
2021-10-26 00:00:00+05:30,1094.8131766594447,1130.3772903615077,1083.3028554209538,1113.8004150390625,9975,0.0,0.0
2021-10-27 00:00:00+05:30,1112.1768737765212,1130.1803157009988,1071.8906387693235,1081.6793212890625,13410,0.0,0.0
2021-10-28 00:00:00+05:30,1081.679435716134,1094.9113916906708,1052.7068058248549,1084.138916015625,6624,0.0,0.0
2021-10-29 00:00:00+05:30,1073.317292072839,1085.7130497961043,1052.65765583679,1057.6258544921875,4859,0.0,0.0
2021-11-01 00:00:00+05:30,1064.2172142069603,1074.3010842745557,1047.7879324750213,1057.6258544921875,5919,0.0,0.0
2021-11-02 00:00:00+05:30,1073.5139375789083,1111.6851207346651,1067.4144743337272,1099.6336669921875,5952,0.0,0.0
2021-11-03 00:00:00+05:30,1110.7012481861016,1110.7012481861016,1062.4954367059254,1093.7308349609375,17712,0.0,0.0
2021-11-04 00:00:00+05:30,1109.7174994365025,1115.3743040657223,1096.436305959204,1106.6185302734375,2675,0.0,0.0
2021-11-08 00:00:00+05:30,1111.6851826677942,1121.8182903341492,1097.912091909078,1113.9970703125,1996,0.0,0.0
2021-11-09 00:00:00+05:30,1128.360287645642,1132.3446936400037,1106.8153369851907,1121.080322265625,7274,0.0,0.0
2021-11-10 00:00:00+05:30,1101.896340973048,1130.3770729733842,1098.4038311355819,1103.9622802734375,23876,0.0,0.0
2021-11-11 00:00:00+05:30,1105.0936153447358,1150.9874166405832,1105.0936153447358,1139.968994140625,20902,0.0,0.0
2021-11-12 00:00:00+05:30,1139.9690059647312,1175.6314667770043,1139.9690059647312,1160.3826904296875,120582,0.0,0.0
2021-11-15 00:00:00+05:30,1160.382817001884,1224.7228463037761,1159.4482625153773,1213.7535400390625,152497,0.0,0.0
2021-11-16 00:00:00+05:30,1229.74007670483,1229.74007670483,1182.862360962481,1190.2900390625,9450,0.0,0.0
2021-11-17 00:00:00+05:30,1204.063140331403,1244.4969704518328,1179.41910090352,1207.162109375,31090,0.0,0.0
2021-11-18 00:00:00+05:30,1207.1129050045192,1238.5942521603015,1166.3347705535189,1205.4896240234375,15781,0.0,0.0
2021-11-22 00:00:00+05:30,1244.3985930297224,1244.3985930297224,1166.039531916133,1183.354248046875,6498,0.0,0.0
2021-11-23 00:00:00+05:30,1196.1927538140278,1210.2609077940474,1168.056325762188,1200.8165283203125,5813,0.0,0.0
2021-11-24 00:00:00+05:30,1195.2582433920113,1228.7564146627385,1182.6165380841808,1189.0604248046875,8168,0.0,0.0
2021-11-25 00:00:00+05:30,1204.1615500173866,1251.383571586696,1182.5673611073123,1222.214111328125,39075,0.0,0.0
2021-11-26 00:00:00+05:30,1218.0330289728952,1241.5456852233,1186.4533251816956,1205.29296875,20117,0.0,0.0
2021-11-29 00:00:00+05:30,1191.6673891775276,1231.8060338057965,1187.9781688941314,1200.619873046875,19989,0.0,0.0
2021-11-30 00:00:00+05:30,1214.983312274419,1222.8536495199212,1143.3631953036215,1155.168701171875,5909,0.0,0.0
2021-12-01 00:00:00+05:30,1170.7125174781781,1170.7125174781781,1133.328420281396,1143.756591796875,4603,0.0,0.0
2021-12-02 00:00:00+05:30,1137.1653838163315,1151.627080557726,1116.2598003785715,1141.002197265625,14150,0.0,0.0
2021-12-03 00:00:00+05:30,1131.8035663497117,1155.955710290809,1122.949437504931,1140.952880859375,7871,0.0,0.0
2021-12-06 00:00:00+05:30,1150.9384356349099,1150.9384356349099,1126.9831213142152,1132.73828125,2383,0.0,0.0
2021-12-07 00:00:00+05:30,1141.1989306984676,1143.9043591979682,1111.7835204491691,1122.4576416015625,4843,0.0,0.0
2021-12-08 00:00:00+05:30,1130.1803561230683,1152.0204916165671,1129.4916296323488,1149.3150634765625,2581,0.0,0.0
2021-12-09 00:00:00+05:30,1158.9070579446104,1174.4017830402195,1119.5553751621107,1123.146240234375,6692,0.0,0.0
2021-12-10 00:00:00+05:30,1136.2306613936478,1138.3458384708224,1123.4906014714795,1132.8858642578125,1819,0.0,0.0
2021-12-13 00:00:00+05:30,1132.8859468889027,1150.8401543953523,1122.5068912251584,1129.9345703125,6516,0.0,0.0
2021-12-14 00:00:00+05:30,1127.8192609397759,1135.296056705611,1110.7012547839122,1126.540283203125,4185,0.0,0.0
2021-12-15 00:00:00+05:30,1134.7058708957513,1142.133429449233,1121.7197426773362,1126.196044921875,4494,0.0,0.0
2021-12-16 00:00:00+05:30,1124.7695948287912,1136.2306771163373,1116.505716884903,1132.049560546875,15623,0.0,0.0
2021-12-17 00:00:00+05:30,1124.6710267445067,1127.573285355401,1109.6681979390364,1114.587158203125,4412,0.0,0.0
2021-12-20 00:00:00+05:30,1114.5872127825432,1123.588934524985,1064.36469808197,1075.038818359375,5584,0.0,0.0
2021-12-21 00:00:00+05:30,1103.8148111603177,1103.8148111603177,1043.803488984935,1055.2154541015625,4762,0.0,0.0
2021-12-22 00:00:00+05:30,1076.6620832213432,1092.0092157486383,1060.0852105862232,1072.3333740234375,4424,0.0,0.0
2021-12-23 00:00:00+05:30,1080.154595773304,1088.4677119016192,1053.6414440735414,1055.3138427734375,8330,0.0,0.0
2021-12-24 00:00:00+05:30,1059.0522691263002,1065.3976805748168,1043.9018457168127,1045.8203125,3812,0.0,0.0
2021-12-27 00:00:00+05:30,1047.7385689319926,1062.593805374545,1042.8196085144716,1049.460205078125,2232,0.0,0.0
2021-12-28 00:00:00+05:30,1059.396569546049,1096.9282646834006,1046.3613233513809,1069.9232177734375,5028,0.0,0.0
2021-12-29 00:00:00+05:30,1076.711277534747,1078.2362034138926,1054.7235468575805,1066.529052734375,4233,0.0,0.0
2021-12-30 00:00:00+05:30,1060.5279738902982,1074.6453677061884,1058.1177310772753,1063.7745361328125,1223,0.0,0.0
2021-12-31 00:00:00+05:30,1078.9740096243395,1089.451419740262,1055.2154058636222,1065.8895263671875,11382,0.0,0.0
2022-01-03 00:00:00+05:30,1080.2036595952925,1082.1712436747011,1064.020328578878,1074.842041015625,3885,0.0,0.0
2022-01-04 00:00:00+05:30,1067.9555942248728,1079.662624492576,1064.1187809014264,1071.054443359375,1821,0.0,0.0
2022-01-05 00:00:00+05:30,1077.1539960534042,1082.269666944968,1069.2344215988505,1080.892333984375,5995,0.0,0.0
2022-01-06 00:00:00+05:30,1070.365818224973,1085.3686479381447,1057.6257584069056,1080.744873046875,4499,0.0,0.0
2022-01-07 00:00:00+05:30,1082.1713509582478,1105.6840070565215,1073.4155769184956,1077.990234375,2256,0.0,0.0
2022-01-10 00:00:00+05:30,1092.009318342978,1092.009318342978,1070.3658904118558,1082.0238037109375,7664,0.0,0.0
2022-01-11 00:00:00+05:30,1089.107078769327,1135.0008835889535,1080.6956083824268,1100.51904296875,108210,0.0,0.0
2022-01-12 00:00:00+05:30,1109.717540465057,1109.717540465057,1094.0752213284366,1100.1748046875,22135,0.0,0.0
2022-01-13 00:00:00+05:30,1109.6190006860174,1109.6190006860174,1088.0739322585603,1092.205810546875,17113,0.0,0.0
2022-01-14 00:00:00+05:30,1096.9282814315586,1096.9282814315586,1082.171398721717,1087.87744140625,16449,0.0,0.0
2022-01-17 00:00:00+05:30,1076.3178443937272,1101.7488473264436,1076.3178443937272,1089.0086669921875,15109,0.0,0.0
2022-01-18 00:00:00+05:30,1096.8299580127427,1101.748919058551,1085.811413215038,1093.288330078125,6486,0.0,0.0
2022-01-19 00:00:00+05:30,1092.5011634319253,1100.8633965604004,1083.3027310089656,1090.385986328125,5330,0.0,0.0
2022-01-20 00:00:00+05:30,1082.417284831691,1102.4374305441397,1082.417284831691,1096.3870849609375,10660,0.0,0.0
2022-01-21 00:00:00+05:30,1092.0584853231508,1097.7152899845596,1084.1881484029298,1090.68115234375,3354,0.0,0.0
2022-01-24 00:00:00+05:30,1093.9768035511854,1093.9768035511854,1062.4954566864033,1069.332763671875,8571,0.0,0.0
2022-01-25 00:00:00+05:30,1079.1707186955484,1080.2037484589414,1062.5938454811846,1072.972900390625,3118,0.0,0.0
2022-01-27 00:00:00+05:30,1074.3009889522875,1081.1875337532638,1059.7900552645162,1064.266357421875,5340,0.0,0.0
2022-01-28 00:00:00+05:30,1068.299837767549,1091.9599651052897,1063.4792325839137,1079.564208984375,19074,0.0,0.0
2022-01-31 00:00:00+05:30,1080.105305452658,1090.6810698896913,1064.0203296063216,1069.529541015625,6485,0.0,0.0
2022-02-01 00:00:00+05:30,1062.6430719759144,1101.8471635536348,1062.5938343336745,1097.223388671875,6086,0.0,0.0
2022-02-02 00:00:00+05:30,1105.5363745225427,1112.668867261398,1088.3692503809186,1101.45361328125,4559,0.0,0.0
2022-02-03 00:00:00+05:30,1093.6815923878478,1128.4095003750847,1093.6815923878478,1100.2730712890625,9371,0.0,0.0
2022-02-04 00:00:00+05:30,1090.6318983302704,1130.3771231991507,1090.6318983302704,1119.7030029296875,25071,0.0,0.0
2022-02-07 00:00:00+05:30,1119.7521198992972,1130.3771226133263,1074.7928689774228,1080.351318359375,8698,0.0,0.0
2022-02-08 00:00:00+05:30,1100.8140879448097,1101.7487624657604,1064.4630190196322,1067.3160400390625,6940,0.0,0.0
2022-02-09 00:00:00+05:30,1075.088099310951,1083.1551468273447,1067.414472577356,1074.9896240234375,3936,0.0,0.0
2022-02-10 00:00:00+05:30,1068.4473566573301,1079.121475909109,1063.7251069895822,1070.660888671875,7481,0.0,0.0
2022-02-11 00:00:00+05:30,1071.8414915947421,1075.2847639403885,1062.446229014898,1070.9560546875,11049,0.0,0.0
2022-02-14 00:00:00+05:30,1068.398190933192,1068.398190933192,1046.0169212796652,1051.3785400390625,4761,0.0,0.0
2022-02-15 00:00:00+05:30,1061.5117027575131,1064.4630791321865,1044.787236634364,1058.8062744140625,6444,0.0,0.0
2022-02-16 00:00:00+05:30,1062.4954725321836,1080.6463888178846,1047.8369461612945,1053.247802734375,6671,0.0,0.0
2022-02-17 00:00:00+05:30,1047.836910930028,1087.5821346215794,1047.836910930028,1080.7939453125,8063,0.0,0.0
2022-02-18 00:00:00+05:30,1070.4642451688699,1134.2140263581869,1070.4642451688699,1125.458251953125,23452,0.0,0.0
2022-02-21 00:00:00+05:30,1125.4580679331907,1129.2948808195047,1087.0901792536501,1091.0745849609375,4988,0.0,0.0
2022-02-22 00:00:00+05:30,1077.2523015524937,1110.5045210891917,1047.738539866124,1089.2545166015625,5037,0.0,0.0
2022-02-23 00:00:00+05:30,1082.2205527489168,1125.753353379356,1082.2205527489168,1111.389892578125,5742,0.0,0.0
2022-02-24 00:00:00+05:30,1106.7661235603807,1106.7661235603807,986.841841353565,1007.3539428710938,14037,0.0,0.0
2022-02-25 00:00:00+05:30,982.1196097947646,982.8082762517693,938.6852260059743,965.9362182617188,48469,0.0,0.0
2022-02-28 00:00:00+05:30,959.1973489644137,962.2963182640464,935.5863372975973,937.45556640625,12581,0.0,0.0
2022-03-02 00:00:00+05:30,937.5538864421181,954.2783524122294,915.9104598925625,920.3375244140625,9624,0.0,0.0
2022-03-03 00:00:00+05:30,921.8131938366158,952.3107488087984,921.8131938366158,936.766845703125,5894,0.0,0.0
2022-03-04 00:00:00+05:30,942.2760291591744,944.3420285260911,924.7153647928465,926.5845336914062,9421,0.0,0.0
2022-03-07 00:00:00+05:30,914.9266429659199,929.4375762817772,885.4128802895999,925.404052734375,20750,0.0,0.0
2022-03-08 00:00:00+05:30,940.9971626678671,940.9971626678671,899.1859975728495,918.2223510742188,3979,0.0,0.0
2022-03-09 00:00:00+05:30,928.6997876213783,963.1325127980183,917.2385850799336,956.5902709960938,7142,0.0,0.0
2022-03-10 00:00:00+05:30,971.9865944602273,1003.3695864576187,951.5729083923632,976.6596069335938,11380,0.0,0.0
2022-03-11 00:00:00+05:30,993.5808522343402,996.4830509643135,965.4443618967426,968.8876342773438,3697,0.0,0.0
2022-03-14 00:00:00+05:30,973.954175162176,987.7272645079038,940.4068887027295,947.0474853515625,13018,0.0,0.0
2022-03-15 00:00:00+05:30,957.2297387361751,959.2465005855851,932.8317060170345,939.8657836914062,14196,0.0,0.0
2022-03-16 00:00:00+05:30,958.213515421814,958.5578186420532,931.2084099851907,945.670166015625,12749,0.0,0.0
2022-03-17 00:00:00+05:30,954.22922289478,993.6300871121751,942.2269464670156,983.9397583007812,395444,0.0,0.0
2022-03-21 00:00:00+05:30,1001.5004159679427,1031.0141806821257,986.9894816501361,1011.0431518554688,14662,0.0,0.0
2022-03-22 00:00:00+05:30,1010.3544676026166,1029.4400580002289,951.3269427183352,981.0374755859375,19147,0.0,0.0
2022-03-23 00:00:00+05:30,988.6126956797365,991.6624271416716,966.2806032180597,974.1509399414062,4110,0.0,0.0
2022-03-24 00:00:00+05:30,983.7921210579661,1004.1566299730472,973.9541998473865,993.3840942382812,15217,0.0,0.0
2022-03-25 00:00:00+05:30,1004.4518140413708,1004.4518140413708,980.7424465627737,985.2186889648438,4029,0.0,0.0
2022-03-28 00:00:00+05:30,1000.4182392025792,1047.6402613570117,964.1654632502264,1008.82958984375,14978,0.0,0.0
2022-03-29 00:00:00+05:30,1005.4355391254458,1028.0627577163316,983.7429350507559,987.333740234375,10701,0.0,0.0
2022-03-30 00:00:00+05:30,1003.3696550598116,1047.7386577695288,985.7597512535847,1015.32275390625,19413,0.0,0.0
2022-03-31 00:00:00+05:30,1015.3226826185083,1031.9979106402716,1001.500355607051,1003.4187622070312,3588,0.0,0.0
2022-04-01 00:00:00+05:30,1021.5697169741254,1031.0140968968035,998.5489583494806,1014.8798828125,6117,0.0,0.0
2022-04-04 00:00:00+05:30,1031.0141058110355,1031.997897896733,1015.6177356515075,1021.815673828125,2324,0.0,0.0
2022-04-05 00:00:00+05:30,1032.9818587595937,1055.609080427661,1021.8158407808911,1033.4737548828125,6002,0.0,0.0
2022-04-06 00:00:00+05:30,1032.9815742699277,1052.6081761443388,1021.1760705639857,1045.229736328125,5235,0.0,0.0
2022-04-07 00:00:00+05:30,1052.5591723651116,1068.3489632233516,1032.9816859183923,1035.9822998046875,5616,0.0,0.0
2022-04-08 00:00:00+05:30,1049.7062024641011,1049.7062024641011,1019.2086464412453,1027.6201171875,3620,0.0,0.0
2022-04-11 00:00:00+05:30,1035.9330482636126,1036.916840332239,1015.6177180281162,1021.7664184570312,1972,0.0,0.0
2022-04-12 00:00:00+05:30,1028.0627722861452,1086.9919446872254,1006.1733974695262,1034.703369140625,20946,0.0,0.0
2022-04-13 00:00:00+05:30,1056.2975514188574,1056.4943818979839,1015.6177712670714,1025.996826171875,6353,0.0,0.0
2022-04-18 00:00:00+05:30,1040.852039527237,1040.852039527237,1007.4031082002746,1011.9285278320312,3726,0.0,0.0
2022-04-19 00:00:00+05:30,1022.8978800039661,1031.997957320664,1012.1745216340348,1018.618408203125,3927,0.0,0.0
2022-04-20 00:00:00+05:30,1023.0454297050264,1037.8023112179603,1018.2740620342063,1021.8648071289062,2587,0.0,0.0
2022-04-21 00:00:00+05:30,1013.6010869199928,1042.8196653559771,1013.6010869199928,1025.16064453125,2084,0.0,0.0
2022-04-22 00:00:00+05:30,1025.160619085075,1036.6709387670453,1019.3069839593704,1026.6854248046875,3364,0.0,0.0
2022-04-25 00:00:00+05:30,1032.9817593654143,1032.9817593654143,993.2365324152771,1001.4512329101562,5349,0.0,0.0
2022-04-26 00:00:00+05:30,1022.1600833269208,1025.4066455840327,1008.3869926949893,1019.1103515625,4136,0.0,0.0
2022-04-27 00:00:00+05:30,1031.0141701992532,1031.0141701992532,997.0241635248619,1004.4517822265625,3955,0.0,0.0
2022-04-28 00:00:00+05:30,999.0477608739092,1017.292455863311,999.0477608739092,1011.8389282226562,1339,8.0,0.0
2022-04-29 00:00:00+05:30,1013.3757789189946,1023.3410196815926,1001.9728225025872,1005.5424194335938,4283,0.0,0.0
2022-05-02 00:00:00+05:30,1016.2513527419726,1016.3504846787762,979.7618430222971,994.5361328125,2654,0.0,0.0
2022-05-04 00:00:00+05:30,1007.3768720660909,1007.3768720660909,973.7133485730124,979.1173706054688,2931,0.0,0.0
2022-05-05 00:00:00+05:30,985.4632927094641,993.7924328425527,956.8567699606518,966.921142578125,3078,0.0,0.0
2022-05-06 00:00:00+05:30,966.6732571272431,991.5118587114216,942.9749148693812,966.8715209960938,8715,0.0,0.0
2022-05-09 00:00:00+05:30,1041.139435945566,1084.7681361185232,1031.422086127325,1045.4031982421875,128657,0.0,0.0
2022-05-10 00:00:00+05:30,1036.2808353808261,1080.8019681866494,1000.2871672599161,1017.3916625976562,23426,0.0,0.0
2022-05-11 00:00:00+05:30,1032.6615782866322,1032.6615782866322,956.8567571828906,979.5635375976562,22840,0.0,0.0
2022-05-12 00:00:00+05:30,980.7038651777962,997.1141954922708,957.5509289343659,982.3399658203125,11397,0.0,0.0
2022-05-13 00:00:00+05:30,972.7218180025361,1003.4602240760107,954.2291720760951,961.7650756835938,5815,0.0,0.0
2022-05-16 00:00:00+05:30,973.5645417726486,986.454840044023,957.5508613860427,968.7554931640625,12403,0.0,0.0
2022-05-17 00:00:00+05:30,974.0108432687854,1012.3842851833823,974.0108432687854,992.404296875,9310,0.0,0.0
2022-05-18 00:00:00+05:30,1004.4517623841715,1033.2070448216257,997.5108321406482,1021.7049560546875,11603,0.0,0.0
2022-05-19 00:00:00+05:30,1010.2028362954196,1021.1100732313075,996.469733834508,1007.7734985351562,3113,0.0,0.0
2022-05-20 00:00:00+05:30,1011.4422226417057,1036.032933954864,1008.4179723899852,1018.631103515625,3762,0.0,0.0
2022-05-23 00:00:00+05:30,1040.1479695158393,1040.1479695158393,992.5530195284606,997.8578491210938,5222,0.0,0.0
2022-05-24 00:00:00+05:30,1005.344134404192,1026.2164293899175,998.0561217532968,1006.8810424804688,2786,0.0,0.0
2022-05-25 00:00:00+05:30,1029.1911708152184,1041.1395348454846,992.6521551574941,993.842041015625,11455,0.0,0.0
2022-05-26 00:00:00+05:30,1000.386343401646,1011.6405413393536,983.6784971199,991.3630981445312,7511,0.0,0.0
2022-05-27 00:00:00+05:30,998.5023429478475,1004.2533870395538,993.5941018491969,998.849365234375,3318,0.0,0.0
2022-05-30 00:00:00+05:30,1005.5424153007749,1024.233323924545,1000.0392615047135,1012.9791259765625,5021,0.0,0.0
2022-05-31 00:00:00+05:30,1003.5097342426375,1036.1816955014658,992.8504488582923,1014.615234375,4293,0.0,0.0
2022-06-01 00:00:00+05:30,1030.529924643575,1047.0393269350254,1009.7070724360034,1041.7344970703125,20954,0.0,0.0
2022-06-02 00:00:00+05:30,1033.5045410016626,1109.5572553039049,1033.5045410016626,1100.980224609375,16718,0.0,0.0
2022-06-03 00:00:00+05:30,1110.5488765010377,1115.5066839854173,1080.7524051038274,1089.626953125,6091,0.0,0.0
2022-06-06 00:00:00+05:30,1092.9981658346096,1098.699643812616,1070.8862984777359,1078.223876953125,3932,0.0,0.0
2022-06-07 00:00:00+05:30,1075.9433625564452,1093.4940737813818,1057.3020789266182,1064.5404052734375,3328,0.0,0.0
2022-06-08 00:00:00+05:30,1060.921137735976,1076.8853741046219,1056.012956915694,1059.8304443359375,1282,0.0,0.0
2022-06-09 00:00:00+05:30,1065.8789151703065,1089.7260160765106,1039.2555148727495,1065.2344970703125,3608,0.0,0.0
2022-06-10 00:00:00+05:30,1057.3021128182604,1075.8442651002101,1048.8738397736965,1067.0689697265625,1596,0.0,0.0
2022-06-13 00:00:00+05:30,1057.9465101153528,1061.6153603453415,1026.2661681241323,1028.5963134765625,4202,0.0,0.0
2022-06-14 00:00:00+05:30,1040.0487989128674,1051.055106480231,1022.2006933311276,1026.6627197265625,2024,0.0,0.0
2022-06-15 00:00:00+05:30,1021.6058252449743,1070.5888647569202,1021.6058252449743,1048.427490234375,2601,0.0,0.0
2022-06-16 00:00:00+05:30,1065.8789033122007,1065.8789033122007,1023.6880373847318,1027.2080078125,124210,0.0,0.0
2022-06-17 00:00:00+05:30,1031.769328903069,1031.769328903069,996.5688364409218,1009.756591796875,6606,0.0,0.0
2022-06-20 00:00:00+05:30,1020.1184334718411,1022.3494466584424,998.2048898602711,1010.2027587890625,4917,0.0,0.0
2022-06-21 00:00:00+05:30,1019.3251669950789,1027.257658567025,1005.7903290424026,1014.4664916992188,11064,0.0,0.0
2022-06-22 00:00:00+05:30,1024.1838479423163,1064.9369994100198,1001.477066484283,1038.3135986328125,19617,0.0,0.0
2022-06-23 00:00:00+05:30,1037.1236769585032,1037.1733034483696,1016.4001389512226,1024.4317626953125,3458,0.0,0.0
2022-06-24 00:00:00+05:30,1038.6109503844907,1042.131041805723,1012.6816558276486,1018.2344360351562,2064,0.0,0.0
2022-06-27 00:00:00+05:30,1017.4411741629027,1033.9506964246211,1006.4348663351623,1012.7808837890625,1730,0.0,0.0
2022-06-28 00:00:00+05:30,1020.1679756457731,1041.1395245628685,1017.3420497157172,1038.3135986328125,27345,0.0,0.0
2022-06-29 00:00:00+05:30,1027.0593770655962,1043.9654268140055,1027.0593770655962,1035.6859130859375,3382,0.0,0.0
2022-06-30 00:00:00+05:30,1044.6596040482443,1046.0973197208743,1010.4011078631004,1020.2175903320312,6595,0.0,0.0
2022-07-01 00:00:00+05:30,1008.9632726803486,1050.06350408987,1007.8725793676169,1046.394775390625,18573,0.0,0.0
2022-07-04 00:00:00+05:30,1049.0720112194783,1125.3231107231527,1041.139519641259,1096.9644775390625,18409,0.0,0.0
2022-07-05 00:00:00+05:30,1105.5910415261244,1149.219746303837,1105.5910415261244,1122.298828125,9667,0.0,0.0
2022-07-06 00:00:00+05:30,1129.6860326413052,1143.8652890564267,1120.9602432779852,1136.5277099609375,6943,0.0,0.0
2022-07-07 00:00:00+05:30,1140.5932366626203,1149.2197732571767,1121.7039417577057,1135.1396484375,6763,0.0,0.0
2022-07-08 00:00:00+05:30,1122.4475651928142,1140.295671353124,1120.4644422861131,1134.4454345703125,4040,0.0,0.0
2022-07-11 00:00:00+05:30,1134.3462202372855,1165.6300302342133,1120.9601415893806,1152.29345703125,7313,0.0,0.0
2022-07-12 00:00:00+05:30,1163.7955839977233,1166.5223778881023,1122.6954117751845,1132.01611328125,3120,0.0,0.0
2022-07-13 00:00:00+05:30,1116.7957252356732,1143.7165221490836,1082.0910739982717,1086.5531005859375,26099,0.0,0.0
2022-07-14 00:00:00+05:30,1084.123749511843,1094.3863869016407,1071.1343179776911,1077.5794677734375,5076,0.0,0.0
2022-07-15 00:00:00+05:30,1085.7101542191658,1085.7101542191658,1070.8863590539038,1079.3642578125,2982,0.0,0.0
2022-07-18 00:00:00+05:30,1086.7514024568839,1122.4476164061975,1085.7598409582918,1090.1722412109375,9293,0.0,0.0
2022-07-19 00:00:00+05:30,1086.0572420830183,1097.2123077533854,1078.9179274298579,1086.70166015625,4371,0.0,0.0
2022-07-20 00:00:00+05:30,1095.6754150390625,1145.2038616285874,1075.6954273803067,1095.6754150390625,16755,0.0,0.0
2022-07-21 00:00:00+05:30,1107.6732781998874,1140.2956743076898,1099.4928961885496,1134.9908447265625,9560,0.0,0.0
2022-07-22 00:00:00+05:30,1139.3040515750301,1159.4327964636757,1120.8114072086987,1131.56982421875,8134,0.0,0.0
2022-07-25 00:00:00+05:30,1130.6776813139645,1166.0267536590243,1125.422356694805,1136.2799072265625,6058,0.0,0.0
2022-07-26 00:00:00+05:30,1140.295656189438,1140.295656189438,1115.50662018532,1119.2249755859375,2996,0.0,0.0
2022-07-27 00:00:00+05:30,1115.556260520968,1125.422248556989,1099.0467381292472,1117.390625,5039,0.0,0.0
2022-07-28 00:00:00+05:30,1119.472846390244,1163.0519225081282,1113.2755874974725,1152.9876708984375,5998,0.0,0.0
2022-07-29 00:00:00+05:30,1164.5392528514078,1175.000274172573,1136.3293790732225,1143.4190673828125,7850,0.0,0.0
2022-08-01 00:00:00+05:30,1160.1269483184865,1194.7324686772274,1137.5192978326018,1159.0362548828125,16264,0.0,0.0
2022-08-02 00:00:00+05:30,1174.008723520368,1176.685890943392,1145.2534422854942,1157.548828125,4041,0.0,0.0
2022-08-03 00:00:00+05:30,1169.050967169276,1169.050967169276,1127.4550121309514,1156.5076904296875,5195,0.0,0.0
2022-08-04 00:00:00+05:30,1157.9950172584345,1182.9328119788568,1148.2281611664007,1167.4644775390625,6063,0.0,0.0
2022-08-05 00:00:00+05:30,1179.9581556636494,1198.698691755763,1127.3062655307356,1139.8990478515625,75699,0.0,0.0
2022-08-08 00:00:00+05:30,1139.304056218461,1179.958073890312,1139.304056218461,1167.960205078125,7312,0.0,0.0
2022-08-10 00:00:00+05:30,1171.034059381445,1181.941235209723,1153.1859534806272,1176.140625,3333,0.0,0.0
2022-08-11 00:00:00+05:30,1178.4210662871396,1185.8082711461402,1155.1690004874029,1157.4991455078125,4848,0.0,0.0
2022-08-12 00:00:00+05:30,1174.0086827531645,1188.8324770796148,1167.0677530409416,1175.000244140625,6770,0.0,0.0
2022-08-16 00:00:00+05:30,1234.4940035994186,1264.2408470596456,1204.9950505013603,1219.2735595703125,68935,0.0,0.0
2022-08-17 00:00:00+05:30,1236.4771494003903,1240.8895495126364,1201.7724980539479,1233.8494873046875,11084,0.0,0.0
2022-08-18 00:00:00+05:30,1239.4518409217644,1401.4730097751012,1229.5362261943903,1386.7978515625,222052,0.0,0.0
2022-08-19 00:00:00+05:30,1400.778818584577,1428.8400561675915,1360.7693380970186,1381.34423828125,81963,0.0,0.0
2022-08-22 00:00:00+05:30,1383.2778710960758,1467.0648149450124,1355.4645235680043,1415.900146484375,125686,0.0,0.0
2022-08-23 00:00:00+05:30,1418.279913219596,1511.3875587262417,1405.9845268805338,1462.602783203125,99526,0.0,0.0
2022-08-24 00:00:00+05:30,1478.7156606766055,1521.9972217772224,1452.6375457397298,1465.9739990234375,39912,0.0,0.0
2022-08-25 00:00:00+05:30,1477.4265691000592,1482.1364860149754,1412.9750744748887,1422.2957763671875,26489,0.0,0.0
2022-08-26 00:00:00+05:30,1431.8146939340681,1452.6374838043005,1389.2766847054081,1407.3726806640625,23608,0.0,0.0
2022-08-29 00:00:00+05:30,1358.439140854053,1412.9750187715515,1343.9623683785412,1369.8917236328125,33779,0.0,0.0
2022-08-30 00:00:00+05:30,1374.304212468467,1443.7135161284907,1374.304212468467,1427.6502685546875,23853,0.0,0.0
2022-09-01 00:00:00+05:30,1437.7641147660079,1526.013084568887,1409.2070963462927,1471.1796875,63758,0.0,0.0
2022-09-02 00:00:00+05:30,1480.4012158551836,1502.1164353929173,1429.7324509606142,1443.1185302734375,28570,0.0,0.0
2022-09-05 00:00:00+05:30,1437.7641411322338,1464.238784142512,1408.0172968329462,1416.8917236328125,18133,0.0,0.0
2022-09-06 00:00:00+05:30,1417.932777316686,1447.679618798854,1387.1943744517787,1395.374755859375,12910,0.0,0.0
2022-09-07 00:00:00+05:30,1412.9750261111053,1452.6374829843996,1384.814657523024,1440.3917236328125,19972,0.0,0.0
2022-09-08 00:00:00+05:30,1440.3917914783935,1463.54472756069,1427.9476466321662,1455.116455078125,13877,0.0,0.0
2022-09-09 00:00:00+05:30,1484.2187261759475,1484.3674846008844,1432.8062894110074,1448.0267333984375,15956,0.0,0.0
2022-09-12 00:00:00+05:30,1464.5362683520932,1497.2577963518354,1439.301077750197,1453.0341796875,19794,0.0,0.0
2022-09-13 00:00:00+05:30,1444.2091665308708,1486.3008991784573,1427.9475355043558,1449.91064453125,14738,0.0,0.0
2022-09-14 00:00:00+05:30,1432.8063005719866,1467.1143026613763,1424.9729408798473,1457.5953369140625,5760,0.0,0.0
2022-09-15 00:00:00+05:30,1468.5025620715141,1530.7726718637612,1452.63757828141,1473.063720703125,34504,0.0,0.0
2022-09-16 00:00:00+05:30,1475.3443457862973,1527.004674528201,1412.9751046770689,1448.175537109375,47790,0.0,0.0
2022-09-19 00:00:00+05:30,1453.331588252158,1494.9276642591317,1425.0720865498693,1453.4803466796875,28006,0.0,0.0
2022-09-20 00:00:00+05:30,1467.3126754609073,1606.03202485361,1461.2145483630643,1584.0194091796875,149512,0.0,0.0
2022-09-21 00:00:00+05:30,1603.3051226310372,1621.153227444945,1558.7344870812783,1603.8009033203125,57939,0.0,0.0
2022-09-22 00:00:00+05:30,1601.371663796491,1626.1606988397803,1561.6595812410574,1590.3653564453125,30523,0.0,0.0
2022-09-23 00:00:00+05:30,1596.413888398532,1616.1459848917489,1556.8010580310633,1590.06787109375,27544,0.0,0.0
2022-09-26 00:00:00+05:30,1561.7092781541753,1580.152296850048,1517.089013064056,1553.281005859375,46685,0.0,0.0
2022-09-27 00:00:00+05:30,1560.7176663032817,1568.1047504246553,1512.1311569965087,1549.7608642578125,10512,0.0,0.0
2022-09-28 00:00:00+05:30,1555.759888741112,1556.6523182390638,1469.8410663435109,1527.3021240234375,18193,0.0,0.0
2022-09-29 00:00:00+05:30,1531.962519776509,1586.0026216068131,1528.2937906371462,1547.9266357421875,23602,0.0,0.0
2022-09-30 00:00:00+05:30,1546.8358565516921,1587.4898758584995,1531.1691372807875,1551.0003662109375,11256,0.0,0.0
2022-10-03 00:00:00+05:30,1548.818992474658,1576.5827132104394,1518.0805873743286,1529.83056640625,10880,0.0,0.0
2022-10-04 00:00:00+05:30,1546.835864673468,1584.515199838591,1546.835864673468,1564.5848388671875,9883,0.0,0.0
2022-10-06 00:00:00+05:30,1571.5258050265552,1670.08703979259,1571.5258050265552,1622.839111328125,49973,0.0,0.0
2022-10-07 00:00:00+05:30,1634.9856817596233,1638.5056522456334,1539.7957835699503,1555.6607666015625,20260,0.0,0.0
2022-10-10 00:00:00+05:30,1554.7682890413878,1554.7682890413878,1527.0045695942201,1540.7376708984375,9391,0.0,0.0
2022-10-11 00:00:00+05:30,1554.7684579635682,1554.7684579635682,1445.746317634062,1458.438232421875,20529,0.0,0.0
2022-10-12 00:00:00+05:30,1464.5362635663369,1479.4096853357985,1396.6143041524613,1449.662841796875,31086,0.0,0.0
2022-10-13 00:00:00+05:30,1457.4961420307075,1464.4370719067254,1437.863177679601,1453.6290283203125,4645,0.0,0.0
2022-10-14 00:00:00+05:30,1467.411790210943,1467.411790210943,1432.8062719603965,1446.4898681640625,3981,0.0,0.0
2022-10-17 00:00:00+05:30,1432.0626315407367,1466.0732378670518,1419.9160037156553,1438.8052978515625,4132,0.0,0.0
2022-10-18 00:00:00+05:30,1443.7135002736145,1457.4962289142154,1419.172353891903,1426.65869140625,4733,0.0,0.0
2022-10-19 00:00:00+05:30,1420.411710202054,1513.0235694766734,1420.411710202054,1500.97607421875,25482,0.0,0.0
2022-10-20 00:00:00+05:30,1485.9540232655065,1500.2325329157095,1472.0226569686438,1480.9962158203125,10841,0.0,0.0
2022-10-21 00:00:00+05:30,1480.897126813544,1512.1313146238062,1437.7642007898485,1451.596435546875,5656,0.0,0.0
2022-10-24 00:00:00+05:30,1465.5278478801167,1486.3506386822023,1439.400227438877,1478.4677734375,1862,0.0,0.0
2022-10-25 00:00:00+05:30,1470.535239081841,1499.1417623608734,1460.569998213585,1466.916015625,3780,0.0,0.0
2022-10-27 00:00:00+05:30,1481.591034555767,1481.591034555767,1416.8421460514903,1460.81787109375,9472,0.0,0.0
2022-10-28 00:00:00+05:30,1475.4433942050775,1475.4433942050775,1442.721867317465,1459.1817626953125,2938,0.0,0.0
2022-10-31 00:00:00+05:30,1444.7545988032564,1517.0889551438684,1444.7545988032564,1488.38330078125,9291,0.0,0.0
2022-11-01 00:00:00+05:30,1471.4771818651022,1495.27465650443,1440.0942379764456,1468.5521240234375,4291,0.0,0.0
2022-11-02 00:00:00+05:30,1468.5521556637507,1477.0299335625377,1444.4571636562127,1465.9739990234375,3040,0.0,0.0
2022-11-03 00:00:00+05:30,1476.4349746181801,1501.224010457975,1439.9950919336818,1484.6153564453125,3834,0.0,0.0
2022-11-04 00:00:00+05:30,1484.367488484475,1561.7092814716418,1472.5183775903479,1527.649169921875,92457,0.0,0.0
2022-11-07 00:00:00+05:30,1542.8199372797512,1586.4982660839598,1527.0045811058114,1552.5869140625,17351,0.0,0.0
2022-11-09 00:00:00+05:30,1561.7091772119836,1571.6247910355519,1532.4581164324577,1553.0826416015625,4305,0.0,0.0
2022-11-10 00:00:00+05:30,1537.5648540181267,1571.922483974031,1512.1312775032247,1545.1998291015625,9975,0.0,0.0
2022-11-11 00:00:00+05:30,1565.030984373356,1604.2472879859415,1535.3337674762906,1541.3326416015625,6017,0.0,0.0
2022-11-14 00:00:00+05:30,1564.4360468995708,1564.4360468995708,1468.998259218326,1507.4212646484375,13611,0.0,0.0
2022-11-15 00:00:00+05:30,1638.05954227793,1714.3106432421314,1616.2948165093921,1687.240966796875,201078,0.0,0.0
2022-11-16 00:00:00+05:30,1703.2546778328663,1710.4434983331068,1655.9076186761092,1668.748291015625,43205,0.0,0.0
2022-11-17 00:00:00+05:30,1667.8064498075078,1723.7305428438185,1639.299056566149,1647.9752197265625,33231,0.0,0.0
2022-11-18 00:00:00+05:30,1657.543786922699,1680.894987359273,1627.3506669652963,1635.134521484375,13251,0.0,0.0
2022-11-21 00:00:00+05:30,1636.0764771611132,1684.5142322920508,1631.06904316341,1634.9361572265625,34523,0.0,0.0
2022-11-22 00:00:00+05:30,1645.9920435855263,1704.4941704358553,1632.159809466663,1648.470947265625,31444,0.0,0.0
2022-11-23 00:00:00+05:30,1632.6058536714718,1683.1258588506269,1629.1353887532512,1634.142822265625,18594,0.0,0.0
2022-11-24 00:00:00+05:30,1645.9919837962207,1732.257828730119,1645.9919837962207,1695.1239013671875,32753,0.0,0.0
2022-11-25 00:00:00+05:30,1746.1396478311242,1763.9877532604032,1710.4434369725664,1722.2430419921875,48767,0.0,0.0
2022-11-28 00:00:00+05:30,1734.2410273595613,1741.181957714917,1696.561691144774,1704.0975341796875,29420,0.0,0.0
2022-11-29 00:00:00+05:30,1716.3929488511687,1716.3929488511687,1685.6545424881497,1690.7611083984375,7057,0.0,0.0
2022-11-30 00:00:00+05:30,1696.5615790786885,1744.156526942965,1691.15761778935,1725.0689697265625,16257,0.0,0.0
2022-12-01 00:00:00+05:30,1727.3000428422554,1760.0215706343301,1720.3591127045424,1728.4898681640625,25209,0.0,0.0
2022-12-02 00:00:00+05:30,1724.3253469626393,1745.1481372364838,1713.4677975930779,1723.4825439453125,10256,0.0,0.0
2022-12-05 00:00:00+05:30,1732.2578670829987,1738.207235830851,1692.645035252969,1724.9202880859375,7319,0.0,0.0
2022-12-06 00:00:00+05:30,1735.1334426791082,1754.022616081535,1711.9805065343894,1720.160888671875,6138,0.0,0.0
2022-12-07 00:00:00+05:30,1735.232612702421,1753.0807195759314,1706.3285709742192,1716.3929443359375,37455,0.0,0.0
2022-12-08 00:00:00+05:30,1724.4741882909661,1728.9362149927304,1675.689290394212,1678.911865234375,9351,0.0,0.0
2022-12-09 00:00:00+05:30,1678.9117066881013,1696.5615479466458,1638.009799117792,1645.0994873046875,11619,0.0,0.0
2022-12-12 00:00:00+05:30,1645.9920503545516,1690.6123167798255,1633.3992680239508,1662.0552978515625,8784,0.0,0.0
2022-12-13 00:00:00+05:30,1654.9159930627416,1670.186062982687,1637.6132948767022,1650.0078125,4834,0.0,0.0
2022-12-14 00:00:00+05:30,1669.7894480503817,1685.65443092972,1648.5700092412237,1680.994140625,4879,0.0,0.0
2022-12-15 00:00:00+05:30,1680.994116503597,1684.613218838843,1646.0415765991054,1654.4698486328125,3445,0.0,0.0
2022-12-16 00:00:00+05:30,1642.0257214422659,1662.6502475189784,1588.7292947952114,1605.932861328125,8316,0.0,0.0
2022-12-19 00:00:00+05:30,1606.42870897215,1700.527916427401,1606.42870897215,1690.06689453125,15519,0.0,0.0
2022-12-20 00:00:00+05:30,1703.5026168396969,1710.4435471760635,1674.7969605075255,1700.7261962890625,7686,0.0,0.0
2022-12-21 00:00:00+05:30,1690.66195920228,1699.4372541405705,1645.9920658661497,1663.046875,6644,0.0,0.0
2022-12-22 00:00:00+05:30,1679.705044632636,1679.705044632636,1587.9856133289059,1591.8031005859375,7814,0.0,0.0
2022-12-23 00:00:00+05:30,1591.4561017811498,1612.8738045503487,1519.320007448079,1542.0762939453125,23473,0.0,0.0
2022-12-26 00:00:00+05:30,1536.920346853445,1586.4984225583949,1533.499508045893,1581.292724609375,5297,0.0,0.0
2022-12-27 00:00:00+05:30,1602.3632879355364,1606.329533697753,1556.8010881581583,1584.6639404296875,10570,0.0,0.0
2022-12-28 00:00:00+05:30,1590.2166219200933,1607.519320224199,1567.9561165328382,1576.4835205078125,3862,0.0,0.0
2022-12-29 00:00:00+05:30,1576.483556215484,1585.2092242553376,1561.659640076976,1569.8896484375,3835,0.0,0.0
2022-12-30 00:00:00+05:30,1594.4307319640561,1611.2872757721339,1573.2112937858458,1599.4876708984375,6271,0.0,0.0
2023-01-02 00:00:00+05:30,1593.9847256128896,1611.287425240149,1575.244189197437,1602.660888671875,9519,0.0,0.0
2023-01-03 00:00:00+05:30,1610.2957909811314,1645.9920030964768,1586.498316237568,1594.2325439453125,17142,0.0,0.0
2023-01-04 00:00:00+05:30,1586.5974224516494,1610.097501004054,1576.6323026884709,1600.7271728515625,3709,0.0,0.0
2023-01-05 00:00:00+05:30,1598.3970757421641,1621.20298935387,1577.871801907716,1587.1923828125,4869,0.0,0.0
2023-01-06 00:00:00+05:30,1603.0572718069543,1603.3547886439371,1572.6163851510726,1576.6817626953125,4330,0.0,0.0
2023-01-09 00:00:00+05:30,1592.4477523173296,1599.983595430339,1567.6587150770226,1577.6734619140625,3746,0.0,0.0
2023-01-10 00:00:00+05:30,1600.3801700537845,1600.3801700537845,1551.8927912511751,1583.4739990234375,5304,0.0,0.0
2023-01-11 00:00:00+05:30,1582.5321670532226,1590.4646591186522,1558.7346908569336,1586.4984130859375,6611,0.0,0.0
2023-01-12 00:00:00+05:30,1598.3969736515141,1633.9940520494376,1566.667008914015,1610.3453369140625,17881,0.0,0.0
2023-01-13 00:00:00+05:30,1625.1691243671935,1625.1691243671935,1587.3410329873345,1599.5867919921875,2965,0.0,0.0
2023-01-16 00:00:00+05:30,1597.2072409498146,1601.9666633121274,1586.4983288142319,1596.9593505859375,1306,0.0,0.0
2023-01-17 00:00:00+05:30,1611.2377009172812,1611.2873274049794,1583.6227392371834,1598.4466552734375,5338,0.0,0.0
2023-01-18 00:00:00+05:30,1589.0268260331427,1621.2029461819527,1588.4814188278215,1611.485595703125,3308,0.0,0.0
2023-01-19 00:00:00+05:30,1611.2874270918317,1623.1861650149715,1589.5227007235105,1593.5384521484375,6015,0.0,0.0
2023-01-20 00:00:00+05:30,1567.9065292235086,1603.801004986326,1567.9065292235086,1575.54150390625,2945,0.0,0.0
2023-01-23 00:00:00+05:30,1586.4983026207265,1591.4561098164163,1561.7092666422775,1567.6090087890625,4690,0.0,0.0
2023-01-24 00:00:00+05:30,1564.7335453843252,1602.3632528124433,1564.7335453843252,1596.3642578125,3107,0.0,0.0
2023-01-25 00:00:00+05:30,1576.5827796537046,1654.7178740048323,1576.5827796537046,1642.9677734375,17538,0.0,0.0
2023-01-27 00:00:00+05:30,1631.1185118088617,1644.70285464614,1562.7999067718647,1601.123779296875,7252,0.0,0.0
2023-01-30 00:00:00+05:30,1601.1238754903545,1606.4287051196686,1556.7514999348857,1576.3348388671875,13804,0.0,0.0
2023-01-31 00:00:00+05:30,1571.6248743669596,1633.1016833327333,1571.6248743669596,1613.7662353515625,4479,0.0,0.0
2023-02-01 00:00:00+05:30,1634.093263324277,1636.026759728265,1586.498313907065,1601.07421875,11763,0.0,0.0
2023-02-02 00:00:00+05:30,1601.3717703434124,1622.3928250426688,1589.4730327309535,1610.9898681640625,6081,0.0,0.0
2023-02-03 00:00:00+05:30,1593.637567185168,1615.2536559323332,1566.766275201827,1606.7757568359375,9901,0.0,0.0
2023-02-06 00:00:00+05:30,1611.2377326694111,1613.2704820616664,1586.4983228633473,1598.149169921875,4340,0.0,0.0
2023-02-07 00:00:00+05:30,1611.2377047223633,1611.2377047223633,1596.5130416267316,1601.81787109375,2612,0.0,0.0
2023-02-08 00:00:00+05:30,1603.3548546887864,1641.0341895546949,1597.7525083230491,1619.3189697265625,3743,0.0,0.0
2023-02-09 00:00:00+05:30,1635.9771718790385,1680.6965666418203,1628.391702989693,1668.99609375,9908,0.0,0.0
2023-02-10 00:00:00+05:30,1694.5288621003851,1694.5784885881087,1648.0247277360775,1658.188232421875,3396,0.0,0.0
2023-02-13 00:00:00+05:30,1674.8464450598306,1674.8464450598306,1626.2599333114877,1636.076416015625,3099,0.0,0.0
2023-02-14 00:00:00+05:30,1653.8254662915665,1656.4035020088274,1596.4140306699865,1642.76953125,5824,0.0,0.0
2023-02-15 00:00:00+05:30,1646.9835273282956,1651.8917079671623,1607.3210703185835,1615.0552978515625,3367,0.0,0.0
2023-02-16 00:00:00+05:30,1631.1185789419935,1839.346482636716,1631.1185789419935,1782.57958984375,136732,0.0,0.0
2023-02-17 00:00:00+05:30,1808.608106163667,1808.608106163667,1750.205111860755,1776.6302490234375,30281,0.0,0.0
2023-02-20 00:00:00+05:30,1801.6671490131687,1801.6671490131687,1745.1481465399984,1775.73779296875,15706,0.0,0.0
2023-02-21 00:00:00+05:30,1792.643947004937,1800.873834311786,1771.9699152417895,1779.307373046875,7091,0.0,0.0
2023-02-22 00:00:00+05:30,1779.3074158757547,1791.7515606315908,1666.6165526272534,1680.4984130859375,14485,0.0,0.0
2023-02-23 00:00:00+05:30,1681.6881562284523,1714.4096828531804,1655.8084275605731,1708.01416015625,5851,0.0,0.0
2023-02-24 00:00:00+05:30,1720.3591006412632,1775.8865413536037,1715.4012934348043,1735.4307861328125,15016,0.0,0.0
2023-02-27 00:00:00+05:30,1756.0056886954576,1842.3211607065407,1735.182898396837,1786.050048828125,44360,0.0,0.0
2023-02-28 00:00:00+05:30,1794.7262703138001,1804.641885066915,1586.4983604983868,1604.0489501953125,147795,0.0,0.0
2023-03-01 00:00:00+05:30,1597.4054269902986,1628.0942041268831,1596.413865583104,1599.3885498046875,22846,0.0,0.0
2023-03-02 00:00:00+05:30,1604.4455768111786,1616.9888535084954,1583.3748957521227,1596.860107421875,15510,0.0,0.0
2023-03-03 00:00:00+05:30,1608.3127315886986,1635.0848917322835,1597.4055552339046,1605.5859375,10912,0.0,0.0
2023-03-06 00:00:00+05:30,1625.169244975298,1630.3253161893947,1600.5784721691025,1605.8834228515625,6800,0.0,0.0
2023-03-08 00:00:00+05:30,1614.7578316936133,1615.1048539952985,1586.4983301871548,1590.1175537109375,5555,0.0,0.0
2023-03-09 00:00:00+05:30,1605.3380022346396,1635.0848460067452,1594.2325623091403,1615.1048583984375,9332,0.0,0.0
2023-03-10 00:00:00+05:30,1598.0003288622468,1615.0552575752342,1559.0815438920254,1587.5394287109375,9394,0.0,0.0
2023-03-13 00:00:00+05:30,1596.4635391555673,1625.1691943244061,1571.624876756671,1576.18603515625,6316,0.0,0.0
2023-03-14 00:00:00+05:30,1586.4486024285434,1594.728236892857,1530.2767463432144,1563.741943359375,8249,0.0,0.0
2023-03-15 00:00:00+05:30,1584.5151341386454,1590.3157441826124,1537.0193183628678,1557.7926025390625,4637,0.0,0.0
2023-03-16 00:00:00+05:30,1561.7092593354316,1596.4139095428857,1514.3125743503088,1580.201904296875,8955,0.0,0.0
2023-03-17 00:00:00+05:30,1586.5479174424074,1611.2873267508971,1577.3759741978254,1588.7789306640625,4167,0.0,0.0
2023-03-20 00:00:00+05:30,1596.4138758168178,1602.3632442981227,1565.9729888368922,1575.392822265625,7124,0.0,0.0
2023-03-21 00:00:00+05:30,1571.9223977754245,1610.4940409231167,1571.6248809276174,1593.7862548828125,7188,0.0,0.0
2023-03-22 00:00:00+05:30,1600.3801247753095,1619.2197916716732,1587.737716726434,1611.7830810546875,3149,0.0,0.0
2023-03-23 00:00:00+05:30,1620.1121854670764,1620.1121854670764,1590.4644755857098,1599.5867919921875,2535,0.0,0.0
2023-03-24 00:00:00+05:30,1612.2293558768602,1619.2199127958334,1590.2663657106123,1606.6766357421875,4622,0.0,0.0
2023-03-27 00:00:00+05:30,1617.2367733085478,1617.2367733085478,1556.8011495399905,1567.01416015625,2599,0.0,0.0
2023-03-28 00:00:00+05:30,1558.0405700444603,1620.2114251516339,1552.8843778298842,1598.5953369140625,10346,0.0,0.0
2023-03-29 00:00:00+05:30,1595.719868113304,1616.0468775607615,1584.5151754652054,1600.0826416015625,4052,0.0,0.0
2023-03-31 00:00:00+05:30,1616.2451738430343,1635.0848415135972,1611.5352569253935,1623.681884765625,4946,0.0,0.0
2023-04-03 00:00:00+05:30,1636.0267858814816,1636.0267858814816,1606.379194998575,1616.195556640625,1886,0.0,0.0
2023-04-05 00:00:00+05:30,1620.2114067841173,1654.9160574802277,1612.4276736217473,1644.8516845703125,6215,0.0,0.0
2023-04-06 00:00:00+05:30,1665.6250183189945,1676.2843042021093,1627.2020110659064,1633.5975341796875,6729,0.0,0.0
2023-04-10 00:00:00+05:30,1655.8580417719904,1695.5701273820257,1631.366521681449,1684.216796875,8564,0.0,0.0
2023-04-11 00:00:00+05:30,1704.494140511698,1718.3263743877221,1666.170266082144,1706.7747802734375,6081,0.0,0.0
2023-04-12 00:00:00+05:30,1710.4435467441413,1710.4435467441413,1675.7388950710717,1681.3907470703125,3706,0.0,0.0
2023-04-13 00:00:00+05:30,1685.6545036489629,1689.3232326819937,1675.590130492662,1684.8612060546875,3713,0.0,0.0
2023-04-17 00:00:00+05:30,1685.6545065795522,1687.3897391598548,1665.823277090381,1685.4066162109375,5633,0.0,0.0
2023-04-18 00:00:00+05:30,1677.7220207780044,1711.385484540057,1675.78852431199,1684.216796875,24161,0.0,0.0
2023-04-19 00:00:00+05:30,1684.2166330820148,1709.4021953417298,1649.164841411345,1661.261962890625,7911,0.0,0.0
2023-04-20 00:00:00+05:30,1670.7809654730597,1692.0499091693773,1660.9149779209201,1671.722900390625,5951,0.0,0.0
2023-04-21 00:00:00+05:30,1665.823305154981,1691.6039039252366,1665.823305154981,1686.8443603515625,3074,0.0,0.0
2023-04-24 00:00:00+05:30,1695.5701438464368,1727.3001114505807,1683.671405994883,1709.6502685546875,11390,0.0,0.0
2023-04-25 00:00:00+05:30,1722.3422814451853,1730.2747732422847,1692.1492829585638,1707.022705078125,6653,0.0,0.0
2023-04-26 00:00:00+05:30,1719.6761087856098,1719.6761087856098,1674.193341491089,1698.0556640625,5865,8.25,0.0
2023-04-27 00:00:00+05:30,1703.7347140214188,1718.679755372484,1681.8153200398567,1688.5904541015625,3880,0.0,0.0
2023-04-28 00:00:00+05:30,1688.590441720552,1702.4394159725498,1675.0401736964927,1681.9149169921875,5085,0.0,0.0
2023-05-02 00:00:00+05:30,1676.036558749122,1697.4577851544627,1629.0594083726016,1641.065185546875,14528,0.0,0.0
2023-05-03 00:00:00+05:30,1633.9912052098607,1721.967731554225,1629.0095247061722,1698.7530517578125,19893,0.0,0.0
2023-05-04 00:00:00+05:30,1717.1852496059255,1797.3903047804408,1693.7713515115017,1788.9713134765625,26837,0.0,0.0
2023-05-05 00:00:00+05:30,1788.971314648888,1797.0913564821267,1766.0057191302976,1789.768310546875,8979,0.0,0.0
2023-05-08 00:00:00+05:30,1770.489257045213,1845.5631581670596,1770.489257045213,1838.0408935546875,21026,0.0,0.0
2023-05-09 00:00:00+05:30,1838.2400812960589,1896.2766583884684,1825.2877121595554,1888.5550537109375,39149,0.0,0.0
2023-05-10 00:00:00+05:30,1912.9652676382225,1941.8590138681748,1881.1821224606638,1911.0224609375,26448,0.0,0.0
2023-05-11 00:00:00+05:30,1911.0224882320363,1939.8663694208894,1866.13749867762,1892.3411865234375,8278,0.0,0.0
2023-05-12 00:00:00+05:30,1878.0935139257524,1931.8956623352965,1869.4254386645487,1916.103759765625,9430,0.0,0.0
2023-05-15 00:00:00+05:30,1972.7454438466864,1972.7454438466864,1824.2913675168095,1883.7725830078125,43875,0.0,0.0
2023-05-16 00:00:00+05:30,2122.145945267708,2260.4873046875,2122.145945267708,2260.4873046875,248680,0.0,0.0
2023-05-17 00:00:00+05:30,2281.559806436813,2429.416229811837,2264.024437002264,2379.15087890625,239527,0.0,0.0
2023-05-18 00:00:00+05:30,2336.3581812489306,2360.3201119975784,2296.5047390877216,2317.577392578125,33705,0.0,0.0
2023-05-19 00:00:00+05:30,2317.577484850541,2338.301081002577,2221.929219855485,2267.411865234375,19652,0.0,0.0
2023-05-22 00:00:00+05:30,2261.6829271305974,2340.393478339107,2253.961322423433,2264.2236328125,14798,0.0,0.0
2023-05-23 00:00:00+05:30,2274.6353646501484,2336.4082041632055,2237.6711972559824,2268.3583984375,11860,0.0,0.0
2023-05-24 00:00:00+05:30,2290.0286067312727,2413.125977650834,2256.70121361649,2380.396240234375,21961,0.0,0.0
2023-05-25 00:00:00+05:30,2400.173773596987,2495.4732285793784,2361.31666393726,2438.93115234375,49726,0.0,0.0
2023-05-26 00:00:00+05:30,2445.0087578510424,2458.857732163896,2377.4571224934652,2394.145751953125,15067,0.0,0.0
2023-05-29 00:00:00+05:30,2423.3884494921535,2423.3884494921535,2351.154079117976,2366.29833984375,8504,0.0,0.0
2023-05-30 00:00:00+05:30,2380.6951884104274,2390.1105156804388,2302.8316213609214,2346.072509765625,7759,0.0,0.0
2023-05-31 00:00:00+05:30,2346.072552206344,2424.284935595804,2326.4447798011424,2335.660888671875,11994,0.0,0.0
2023-06-01 00:00:00+05:30,2345.3752325940495,2387.1714842877814,2182.9724446106893,2304.6748046875,49251,0.0,0.0
2023-06-02 00:00:00+05:30,2318.474005547397,2371.229951136996,2311.4497876935734,2355.28857421875,10715,0.0,0.0
2023-06-05 00:00:00+05:30,2371.2300332884784,2402.3655361606197,2311.4997332277853,2332.87109375,12791,0.0,0.0
2023-06-06 00:00:00+05:30,2362.2630144476716,2363.30921599605,2185.214139116078,2234.68212890625,56899,0.0,0.0
2023-06-07 00:00:00+05:30,2251.619780481656,2358.3274705542267,2251.619780481656,2300.98828125,23948,0.0,0.0
2023-06-08 00:00:00+05:30,2311.49964178927,2329.4336907341867,2263.8248643789234,2282.65576171875,9823,0.0,0.0
2023-06-09 00:00:00+05:30,2302.4329509876397,2341.3897890312433,2254.210381992846,2284.2001953125,16500,0.0,0.0
2023-06-12 00:00:00+05:30,2295.9567166232587,2301.9845984282806,2274.884306277871,2290.42724609375,15713,0.0,0.0
2023-06-13 00:00:00+05:30,2300.5400049970804,2359.3238336219515,2266.0170571793933,2282.008056640625,19214,0.0,0.0
2023-06-14 00:00:00+05:30,2283.502676217157,2307.116037065778,2251.6697855523526,2277.92333984375,6916,0.0,0.0
2023-06-15 00:00:00+05:30,2277.9233954004476,2314.4888835686866,2265.4691934871425,2274.884521484375,5387,0.0,0.0
2023-06-16 00:00:00+05:30,2285.9934346247264,2349.3605074419643,2268.6572839038813,2300.3408203125,12735,0.0,0.0
2023-06-19 00:00:00+05:30,2306.5180109067765,2346.3714538598097,2297.550986242344,2309.357666015625,6643,0.0,0.0
2023-06-20 00:00:00+05:30,2302.6819993677186,2439.0306871638645,2302.6819993677186,2331.526123046875,18349,0.0,0.0
2023-06-21 00:00:00+05:30,2346.371477722909,2353.295964857199,2303.927463247819,2322.31005859375,7491,0.0,0.0
2023-06-22 00:00:00+05:30,2340.1943057579715,2340.1943057579715,2274.635341016379,2289.132080078125,5799,0.0,0.0
2023-06-23 00:00:00+05:30,2283.6024175257194,2301.4367370133555,2262.72922418229,2283.7021484375,4250,0.0,0.0
2023-06-26 00:00:00+05:30,2301.5364267781506,2301.5364267781506,2256.701301581174,2260.786376953125,3006,0.0,0.0
2023-06-27 00:00:00+05:30,2261.6830152909506,2274.6852504377734,2232.291099453469,2245.392822265625,8225,0.0,0.0
2023-06-28 00:00:00+05:30,2272.6427079535274,2299.543783409356,2261.683010545597,2276.927001953125,8820,0.0,0.0
2023-06-30 00:00:00+05:30,2276.627953625339,2401.169964217535,2245.7914004519344,2390.75830078125,48644,0.0,0.0
2023-07-03 00:00:00+05:30,2426.626419888729,2533.8819029987867,2381.342993112346,2503.29443359375,72859,0.0,0.0
2023-07-04 00:00:00+05:30,2535.6255499826625,2535.6255499826625,2341.43973825604,2364.5546875,41005,0.0,0.0
2023-07-05 00:00:00+05:30,2383.236040576631,2410.1371162854807,2341.3899228073087,2393.050048828125,26874,0.0,0.0
2023-07-06 00:00:00+05:30,2405.1552768920465,2459.9038953783743,2381.293076625956,2440.674560546875,18736,0.0,0.0
2023-07-07 00:00:00+05:30,2441.0234853088377,2505.58611430419,2440.9237543987438,2502.248291015625,23918,0.0,0.0
2023-07-10 00:00:00+05:30,2502.796219503124,2571.244459181873,2465.0351795726006,2511.51416015625,44836,0.0,0.0
2023-07-11 00:00:00+05:30,2520.78018465504,2559.587426888379,2481.1758248968413,2505.685546875,42148,0.0,0.0
2023-07-12 00:00:00+05:30,2515.7485987058167,2528.7009677288565,2473.155231341589,2483.76611328125,13119,0.0,0.0
2023-07-13 00:00:00+05:30,2481.8732690776724,2521.4277642993366,2479.880596842363,2503.643310546875,11246,0.0,0.0
2023-07-14 00:00:00+05:30,2519.6841718551404,2660.217429663162,2507.927357037367,2638.547119140625,48103,0.0,0.0
2023-07-17 00:00:00+05:30,2641.33676743371,2688.1146969240676,2641.2869019813575,2661.412841796875,14471,0.0,0.0
2023-07-18 00:00:00+05:30,2661.2136901333065,2668.038689632207,2554.6057287539493,2563.17431640625,17482,0.0,0.0
2023-07-19 00:00:00+05:30,2563.5728718378373,2722.9866532191254,2563.5728718378373,2699.77197265625,35185,0.0,0.0
2023-07-20 00:00:00+05:30,2700.2701402053603,2725.4276275747716,2663.2563501464397,2699.17431640625,17621,0.0,0.0
2023-07-21 00:00:00+05:30,2719.8978557830887,2782.119240595723,2690.107503322521,2735.54052734375,23340,0.0,0.0
2023-07-24 00:00:00+05:30,2739.9242155139846,2778.2332890780394,2620.4636170160197,2650.802001953125,17698,0.0,0.0
2023-07-25 00:00:00+05:30,2668.188177164076,2712.3757821762038,2586.040311247514,2601.981689453125,12988,0.0,0.0
2023-07-26 00:00:00+05:30,2625.245808457186,2714.019449420599,2623.851035260333,2669.383544921875,20018,0.0,0.0
2023-07-27 00:00:00+05:30,3088.6418111513417,3203.220458984375,2998.9715650211415,3203.220458984375,82085,0.0,0.0
2023-07-28 00:00:00+05:30,3387.542642567567,3507.102971128775,3301.110488378527,3376.234130859375,369138,0.0,0.0
2023-07-31 00:00:00+05:30,3337.7757723244345,3686.2443203626444,3301.75807666531,3650.774658203125,171565,0.0,0.0
2023-08-01 00:00:00+05:30,3686.4434747376135,3724.304245559243,3574.4553972899753,3615.90283203125,59027,0.0,0.0
2023-08-02 00:00:00+05:30,3587.806310753739,3680.465568432189,3462.2679616410005,3506.056884765625,19279,0.0,0.0
2023-08-03 00:00:00+05:30,3535.9967965835112,3535.9967965835112,3353.2189888412877,3452.005615234375,17818,0.0,0.0
2023-08-04 00:00:00+05:30,3472.231253328852,3531.662603451085,3422.414449120404,3433.473876953125,9249,0.0,0.0
2023-08-07 00:00:00+05:30,3427.396307625066,3473.3275007902366,3321.0872905697584,3361.48876953125,18627,0.0,0.0
2023-08-08 00:00:00+05:30,3362.6344439250624,3535.0005946803326,3362.6344439250624,3387.642578125,17839,0.0,0.0
2023-08-09 00:00:00+05:30,3417.4328835360207,3477.0636974757613,3321.087229608588,3327.015380859375,23760,0.0,0.0
2023-08-10 00:00:00+05:30,3363.580864780698,3396.509822089369,3268.829446022974,3291.296630859375,23512,0.0,0.0
2023-08-11 00:00:00+05:30,3288.905534510915,3476.615162356924,3288.905534510915,3332.594970703125,32341,0.0,0.0
2023-08-14 00:00:00+05:30,3354.5639413007416,3409.063720949577,3307.138488556049,3341.213134765625,13874,0.0,0.0
2023-08-16 00:00:00+05:30,3362.5845792602645,3429.737780489085,3240.284319085776,3284.471923828125,17717,0.0,0.0
2023-08-17 00:00:00+05:30,3336.6297732729163,3379.5719552623414,3322.332496591451,3376.6328125,10413,0.0,0.0
2023-08-18 00:00:00+05:30,3406.473108255022,3431.3815106260004,3349.9310348729005,3386.14794921875,17086,0.0,0.0
2023-08-21 00:00:00+05:30,3386.14798510145,3467.249646782336,3357.6526751886418,3406.27392578125,11667,0.0,0.0
2023-08-22 00:00:00+05:30,3418.379189658227,3535.0003752648186,3418.379189658227,3506.754150390625,20858,0.0,0.0
2023-08-23 00:00:00+05:30,3580.8319941196355,3616.7000942276786,3519.3082390732006,3560.108154296875,14349,0.0,0.0
2023-08-24 00:00:00+05:30,3585.813662140232,3703.38132319401,3532.5595456765373,3553.1337890625,30064,0.0,0.0
2023-08-25 00:00:00+05:30,3563.396146017328,3582.7748349719163,3412.451223293541,3441.544189453125,26474,0.0,0.0
2023-08-28 00:00:00+05:30,3437.3596295404673,3527.0298807458707,3422.563940793126,3477.860595703125,18860,0.0,0.0
2023-08-29 00:00:00+05:30,3487.1264592695416,3527.0297684345287,3463.762426543118,3483.938232421875,14389,0.0,0.0
2023-08-30 00:00:00+05:30,3473.227613874886,3486.1799830603063,3372.597668665086,3379.372802734375,20999,0.0,0.0
2023-08-31 00:00:00+05:30,3382.561036047804,3481.5471241949544,3303.900350147403,3417.083984375,142637,0.0,0.0
2023-09-01 00:00:00+05:30,3398.5023565042466,3398.5023565042466,3312.917184842353,3352.072998046875,15635,0.0,0.0
2023-09-04 00:00:00+05:30,3343.703951918174,3365.1750435244408,3311.82119671514,3328.4599609375,8052,0.0,0.0
2023-09-05 00:00:00+05:30,3347.2907801944925,3367.267123933138,3308.832110339854,3318.94482421875,9205,0.0,0.0
2023-09-06 00:00:00+05:30,3329.8549193654226,3372.3984214484517,3287.9090729843583,3296.3779296875,30112,0.0,0.0
2023-09-07 00:00:00+05:30,3287.9091136110537,3293.8871301812555,3240.0849810494383,3251.443115234375,12482,0.0,0.0
2023-09-08 00:00:00+05:30,3266.7868476700023,3272.7648642596464,3238.092319390488,3257.221923828125,4868,0.0,0.0
2023-09-11 00:00:00+05:30,3286.713475717367,3326.7661370742503,3245.066579350354,3306.19189453125,9750,0.0,0.0
2023-09-12 00:00:00+05:30,3305.8929675062245,3305.8929675062245,3096.6125259738587,3117.38623046875,23219,0.0,0.0
2023-09-13 00:00:00+05:30,3123.513595438751,3170.5904749872298,3023.979718834698,3081.46826171875,19366,0.0,0.0
2023-09-14 00:00:00+05:30,3097.608954089625,3188.275539751303,3078.728433526884,3100.94677734375,8953,0.0,0.0
2023-09-15 00:00:00+05:30,3094.570137919939,3187.179532063291,3094.570137919939,3167.950439453125,15085,0.0,0.0
2023-09-18 00:00:00+05:30,3154.400064667685,3167.9503328061446,3122.56717520379,3143.091552734375,3942,0.0,0.0
2023-09-20 00:00:00+05:30,3139.4551379085237,3143.0916674756295,3058.8017770326155,3069.562255859375,5546,0.0,0.0
2023-09-21 00:00:00+05:30,3040.12033474291,3067.5195769896823,3007.9386306547513,3025.77294921875,3627,0.0,0.0
2023-09-22 00:00:00+05:30,3025.7729289921035,3088.641832625605,3012.9701563754998,3081.26904296875,13300,0.0,0.0
2023-09-25 00:00:00+05:30,3098.60521628189,3153.3538353608633,3068.7151338097174,3127.548828125,5260,0.0,0.0
2023-09-26 00:00:00+05:30,3143.440338893536,3153.553052827981,3078.678493559755,3093.22509765625,10215,0.0,0.0
2023-09-27 00:00:00+05:30,3107.0242163157814,3158.236037043934,3107.0242163157814,3132.331298828125,6606,0.0,0.0
2023-09-28 00:00:00+05:30,3177.2659368046393,3177.2659368046393,3068.914386633546,3079.2265625,3309,0.0,0.0
2023-09-29 00:00:00+05:30,3104.5831930089025,3126.2535025236466,3060.7444059445916,3105.62939453125,3645,0.0,0.0
2023-10-03 00:00:00+05:30,3122.9656439171836,3155.197214091103,3114.0983499144963,3126.701904296875,4105,0.0,0.0
2023-10-04 00:00:00+05:30,3126.7018418491384,3126.7018418491384,3033.8433677163694,3058.701904296875,17422,0.0,0.0
2023-10-05 00:00:00+05:30,3058.702046467566,3083.660315114731,3048.8882815577676,3069.960693359375,2357,0.0,0.0
2023-10-06 00:00:00+05:30,3087.6456544760385,3087.6456544760385,3049.8347471435386,3067.1708984375,2030,0.0,0.0
2023-10-09 00:00:00+05:30,3040.8177159893894,3049.7847407088866,2979.0448790328555,2988.85888671875,19384,0.0,0.0
2023-10-10 00:00:00+05:30,3006.6435090681994,3027.865517415003,2967.2383662387297,2980.73876953125,3178,0.0,0.0
2023-10-11 00:00:00+05:30,3002.956984666658,3083.5604773016994,2993.541657235888,3078.827880859375,5142,0.0,0.0
2023-10-12 00:00:00+05:30,3088.6418026141255,3097.6088272023603,3007.9385813200147,3032.0,4710,0.0,0.0
2023-10-13 00:00:00+05:30,3002.956928937821,3267.982324789666,2994.2389882847997,3248.10546875,23651,0.0,0.0
2023-10-16 00:00:00+05:30,3280.9348587744835,3351.574992720222,3253.0374472817152,3306.04248046875,21373,0.0,0.0
2023-10-17 00:00:00+05:30,3331.747813851188,3347.689190950954,3290.997765938354,3337.925048828125,6507,0.0,0.0
2023-10-18 00:00:00+05:30,3343.704031439352,3386.546484762324,3325.769981211132,3372.896728515625,8030,0.0,0.0
2023-10-19 00:00:00+05:30,3349.681990029414,3440.298710265727,3337.7259567514984,3408.4658203125,9184,0.0,0.0
2023-10-20 00:00:00+05:30,3408.41582891102,3408.41582891102,3338.7221694863624,3373.0458984375,6586,0.0,0.0
2023-10-23 00:00:00+05:30,3373.046061201742,3401.3421528936346,3264.545155276758,3327.413818359375,10071,0.0,0.0
2023-10-25 00:00:00+05:30,3331.7480216604495,3350.5786772356187,3214.18035821669,3248.155517578125,11437,0.0,0.0
2023-10-26 00:00:00+05:30,3223.446147053241,3336.729509954273,3138.558362245281,3279.639404296875,10015,0.0,0.0
2023-10-27 00:00:00+05:30,3208.202268077134,3365.6233731566954,3208.202268077134,3343.405029296875,7725,0.0,0.0
2023-10-30 00:00:00+05:30,3362.63442658567,3496.143467522701,3347.8387378102434,3377.87841796875,23456,0.0,0.0
2023-10-31 00:00:00+05:30,3606.6867863893794,3678.971018489217,3522.3968989818186,3549.5966796875,52745,0.0,0.0
2023-11-01 00:00:00+05:30,3580.8320506611662,3626.663512634014,3484.884832707915,3522.94482421875,14860,0.0,0.0
2023-11-02 00:00:00+05:30,3532.0114150360855,3591.691849122876,3416.4364293818726,3431.879638671875,14552,0.0,0.0
2023-11-03 00:00:00+05:30,3466.2533109661185,3466.2533109661185,3419.4753794630406,3440.59765625,4472,0.0,0.0
2023-11-06 00:00:00+05:30,3476.2167707257217,3536.7940563082016,3437.4095269645813,3530.71630859375,13891,0.0,0.0
2023-11-07 00:00:00+05:30,3551.888440290765,3601.2569442134095,3492.2578688193857,3524.140625,9457,0.0,0.0
2023-11-08 00:00:00+05:30,3536.9931999009355,3576.8466444068613,3477.262898596903,3488.6708984375,4704,0.0,0.0
2023-11-09 00:00:00+05:30,3450.511121672506,3507.003329709943,3432.427718814641,3457.784423828125,6855,0.0,0.0
2023-11-10 00:00:00+05:30,3486.9770552615987,3676.3803977867046,3447.272965245426,3522.89501953125,14096,0.0,0.0
2023-11-13 00:00:00+05:30,3542.9712059346957,3644.4977582101355,3497.23947579996,3619.58935546875,8874,0.0,0.0
2023-11-15 00:00:00+05:30,3685.3974182858788,3877.042767011075,3622.678108591907,3661.4853515625,30420,0.0,0.0
2023-11-16 00:00:00+05:30,3684.4010640617703,3736.2604071624087,3600.011444314553,3651.32275390625,8727,0.0,0.0
2023-11-17 00:00:00+05:30,3646.590048622584,3786.077099662792,3628.1578311636995,3692.32177734375,25608,0.0,0.0
2023-11-20 00:00:00+05:30,3706.3702954542123,3843.4163747861585,3674.039237628305,3737.5556640625,23001,0.0,0.0
2023-11-21 00:00:00+05:30,3721.315401027042,3785.0809125841315,3721.315401027042,3774.021484375,10763,0.0,0.0
2023-11-22 00:00:00+05:30,3820.9488653027843,3875.5481311146123,3736.260298535969,3861.549560546875,21193,0.0,0.0
2023-11-23 00:00:00+05:30,3889.696235364831,3956.4507557975776,3757.183530625199,3790.361572265625,12349,0.0,0.0
2023-11-24 00:00:00+05:30,3825.830846808338,3826.926913803525,3727.343170462469,3778.3056640625,10278,0.0,0.0
2023-11-28 00:00:00+05:30,3778.305672616479,3810.487376979241,3736.260338259159,3749.362060546875,8950,0.0,0.0
2023-11-29 00:00:00+05:30,3749.362199335042,3770.93302243407,3638.121368044642,3655.25830078125,15968,0.0,0.0
2023-11-30 00:00:00+05:30,3655.2581897839846,3792.951789716403,3614.3089221520204,3763.111572265625,14070,0.0,0.0
2023-12-01 00:00:00+05:30,3757.1833265209707,3791.0587529600352,3692.7702967816053,3711.102783203125,9050,0.0,0.0
2023-12-04 00:00:00+05:30,3786.077247576965,3908.6265900643243,3743.7828280262834,3876.19580078125,15789,0.0,0.0
2023-12-05 00:00:00+05:30,3874.7511156729825,3894.3290228546,3807.000260474792,3850.291015625,6607,0.0,0.0
2023-12-06 00:00:00+05:30,3883.4690253154563,3930.4461750296764,3807.5482633100614,3832.755615234375,6927,0.0,0.0
2023-12-07 00:00:00+05:30,3821.945210300841,3864.7377963707063,3722.5108206745526,3732.02587890625,7981,0.0,0.0
2023-12-08 00:00:00+05:30,3754.9915949325346,3773.124863557338,3636.7265468549945,3662.481689453125,6255,0.0,0.0
2023-12-11 00:00:00+05:30,3666.4669889030165,3694.4641306600074,3586.809966219124,3603.44873046875,8284,0.0,0.0
2023-12-12 00:00:00+05:30,3630.6487600978558,3661.535179297371,3587.8063076598182,3606.437744140625,7071,0.0,0.0
2023-12-13 00:00:00+05:30,3617.6464874354833,3718.973819422131,3617.6464874354833,3687.091064453125,7700,0.0,0.0
2023-12-14 00:00:00+05:30,3705.9718742560494,3726.297033503987,3636.62678403464,3644.547607421875,7115,0.0,0.0
2023-12-15 00:00:00+05:30,3644.5974261334095,3672.4948367216366,3627.6597125619855,3652.169677734375,4664,0.0,0.0
2023-12-18 00:00:00+05:30,3652.1696663333746,3695.3108244043165,3568.8260065135505,3578.739501953125,20539,0.0,0.0
2023-12-19 00:00:00+05:30,3578.7394643734515,3610.5725966900495,3537.989416046356,3591.34326171875,6366,0.0,0.0
2023-12-20 00:00:00+05:30,3591.343397446701,3676.4802699539996,3541.2775075916365,3599.21435546875,10906,0.0,0.0
2023-12-21 00:00:00+05:30,3594.780733444112,3633.0898087419287,3561.901641369928,3578.83935546875,6979,0.0,0.0
2023-12-22 00:00:00+05:30,3601.1571175608897,3620.5856715919203,3566.883252876391,3574.305908203125,4509,0.0,0.0
2023-12-26 00:00:00+05:30,3602.7513036387513,3602.7513036387513,3536.993121658619,3547.40478515625,5208,0.0,0.0
2023-12-27 00:00:00+05:30,3547.4049325537053,3585.8137390917855,3513.1310669111285,3561.652587890625,9487,0.0,0.0
2023-12-28 00:00:00+05:30,3561.652574138087,3626.6635065004925,3529.171919061638,3554.080322265625,6032,0.0,0.0
2023-12-29 00:00:00+05:30,3566.783589662875,3631.5454376621165,3554.9272870968475,3578.241455078125,18195,0.0,0.0
2024-01-01 00:00:00+05:30,3584.8172654147716,3620.536011675175,3576.846576664544,3587.50732421875,4007,0.0,0.0
2024-01-02 00:00:00+05:30,3587.40797437551,3596.67370580672,3546.707546082615,3561.851806640625,5227,0.0,0.0
2024-01-03 00:00:00+05:30,3540.1813012658936,3574.8039799525845,3498.933084963504,3521.30078125,8351,0.0,0.0
2024-01-04 00:00:00+05:30,3536.9931533650947,3550.842127850246,3488.172684487661,3497.2890625,12164,0.0,0.0
2024-01-05 00:00:00+05:30,3522.944796877862,3555.8238889075624,3467.2497049502426,3541.725830078125,9714,0.0,0.0
2024-01-08 00:00:00+05:30,3553.9309101590266,3586.6107832694834,3519.856263790746,3555.12646484375,9000,0.0,0.0
2024-01-09 00:00:00+05:30,3558.6635260420762,3609.426802556103,3555.7243831460287,3565.886962890625,5132,0.0,0.0
2024-01-10 00:00:00+05:30,3569.8722365937,3575.850253177446,3477.212979545636,3492.5068359375,14153,0.0,0.0
2024-01-11 00:00:00+05:30,3487.1763354258196,3512.3836872996926,3432.3778501548427,3456.190185546875,14009,0.0,0.0
2024-01-12 00:00:00+05:30,3462.26798445621,3535.000520532556,3437.5089348084844,3450.56103515625,6049,0.0,0.0
2024-01-15 00:00:00+05:30,3471.1852243968347,3487.176467992138,3425.4534931579024,3461.271728515625,5768,0.0,0.0
2024-01-16 00:00:00+05:30,3461.271690729028,3487.0766990120064,3434.370615412481,3474.27392578125,5400,0.0,0.0
2024-01-17 00:00:00+05:30,3482.244523058564,3482.244523058564,3362.9831409451954,3423.460693359375,8376,0.0,0.0
2024-01-18 00:00:00+05:30,3388.539074359965,3529.022464387826,3367.616016270709,3497.08984375,13249,0.0,0.0
2024-01-19 00:00:00+05:30,3478.209404506247,3516.070177170595,3478.209404506247,3508.59765625,3907,0.0,0.0
2024-01-23 00:00:00+05:30,3509.0958012405144,3550.941918120725,3463.2643398955215,3495.645263671875,6494,0.0,0.0
2024-01-24 00:00:00+05:30,3483.191116550713,3547.952965113584,3452.3046964668824,3526.53173828125,10715,0.0,0.0
2024-01-25 00:00:00+05:30,3519.059015203995,3586.7600028183942,3468.4949594221143,3482.593017578125,3969,0.0,0.0
2024-01-29 00:00:00+05:30,3503.7157504409765,3512.433691624221,3409.611607871798,3464.2607421875,10899,0.0,0.0
2024-01-30 00:00:00+05:30,3478.657601425824,3572.113975549288,3470.3879632090507,3550.79248046875,7353,0.0,0.0
2024-01-31 00:00:00+05:30,3549.945533216309,3575.6510533100964,3512.134626775564,3536.7939453125,7246,0.0,0.0
2024-02-01 00:00:00+05:30,3545.960306043659,3576.8467262424097,3499.730406657528,3568.626953125,4943,0.0,0.0
2024-02-02 00:00:00+05:30,3569.07521136735,3640.313244165962,3512.084833777686,3543.519287109375,8279,0.0,0.0
2024-02-05 00:00:00+05:30,3532.0114023410165,3613.7109608718947,3497.1396395534466,3559.41064453125,12817,0.0,0.0
2024-02-06 00:00:00+05:30,3562.947723578215,3726.296976897535,3527.378573811598,3647.58642578125,25923,0.0,0.0
2024-02-07 00:00:00+05:30,3666.3673910673856,3726.296908486987,3647.6362242685495,3677.576171875,12438,0.0,0.0
2024-02-08 00:00:00+05:30,3677.5761865778977,3712.547436889803,3627.211349298436,3685.74609375,17744,0.0,0.0
2024-02-09 00:00:00+05:30,3700.3922042639742,3706.420086202318,3533.7051292891288,3662.382080078125,17662,0.0,0.0
2024-02-12 00:00:00+05:30,3786.0770657197463,3786.1269311724645,3552.934425357004,3574.0068359375,40027,0.0,0.0
2024-02-13 00:00:00+05:30,3604.7439182754392,3622.677967620093,3509.3447391226273,3616.699951171875,8809,0.0,0.0
2024-02-14 00:00:00+05:30,3639.6156944399277,3655.5570716945235,3543.8180777990356,3590.546142578125,6505,0.0,0.0
2024-02-15 00:00:00+05:30,3586.8098999735275,3682.20907995199,3570.6194386194807,3600.111083984375,4741,0.0,0.0
2024-02-16 00:00:00+05:30,3632.9404883521825,3712.497782579556,3600.0115305259333,3631.495849609375,11075,0.0,0.0
2024-02-19 00:00:00+05:30,3641.459195816419,3651.571910220216,3512.0848522581887,3519.756591796875,10685,0.0,0.0
2024-02-20 00:00:00+05:30,3535.996781452009,3535.996781452009,3433.3741642388345,3443.636474609375,11629,0.0,0.0
2024-02-21 00:00:00+05:30,3487.0766763051233,3496.1434322623318,3412.5509293992504,3427.396240234375,6000,0.0,0.0
2024-02-22 00:00:00+05:30,3437.359531636617,3455.2935813668946,3403.484104368314,3422.66357421875,5228,0.0,0.0
2024-02-23 00:00:00+05:30,3437.210089892348,3460.9725592245823,3385.5499673417935,3407.569091796875,6728,0.0,0.0
2024-02-26 00:00:00+05:30,3378.575832188647,3416.2373867230776,3337.7260506729485,3359.097412109375,8600,0.0,0.0
2024-02-27 00:00:00+05:30,3386.5463764026813,3386.5463764026813,3303.1032287052044,3313.116455078125,7963,0.0,0.0
2024-02-28 00:00:00+05:30,3332.4950775712236,3337.7258419503996,3254.1333427892505,3277.248291015625,4870,0.0,0.0
2024-02-29 00:00:00+05:30,3266.9861486197874,3320.7882992832424,3206.0602919724915,3234.605224609375,13453,0.0,0.0
2024-03-01 00:00:00+05:30,3249.749362683186,3335.334778408411,3238.0922791275502,3301.95751953125,21239,0.0,0.0
2024-03-04 00:00:00+05:30,3386.446788755927,3473.0784102092903,3347.6894104394682,3358.30029296875,9041,0.0,0.0
2024-03-05 00:00:00+05:30,3384.6035061166544,3384.6035061166544,3293.388889965881,3312.568359375,5204,0.0,0.0
2024-03-06 00:00:00+05:30,3315.4082145161374,3323.677609825748,3253.0873407280837,3287.26171875,6500,0.0,0.0
2024-03-07 00:00:00+05:30,3278.992059893517,3286.9128834551034,3224.1437074448972,3241.38037109375,5096,0.0,0.0
2024-03-11 00:00:00+05:30,3248.5039497644466,3256.673857037563,3119.528291810394,3137.31298828125,17254,0.0,0.0
2024-03-12 00:00:00+05:30,3136.4659303251437,3178.561129040594,3049.1371715902337,3129.79052734375,18188,0.0,0.0
2024-03-13 00:00:00+05:30,3133.477138232291,3228.02933995395,3082.6639954501456,3113.650146484375,19432,0.0,0.0
2024-03-14 00:00:00+05:30,3100.0997950383617,3210.6432373933176,3000.9643524523685,3169.79345703125,13563,0.0,0.0
2024-03-15 00:00:00+05:30,3172.3341478354378,3195.100525057893,3094.619931902283,3127.2998046875,10627,0.0,0.0
2024-03-18 00:00:00+05:30,3119.528269866865,3308.3838226851276,3119.528269866865,3293.388916015625,9624,0.0,0.0
2024-03-19 00:00:00+05:30,3287.9092293730514,3320.788321666782,3206.2096667037817,3281.28369140625,4239,0.0,0.0
2024-03-20 00:00:00+05:30,3283.4755672965684,3367.6161044523737,3211.0916018256794,3341.96044921875,28988,0.0,0.0
2024-03-21 00:00:00+05:30,3341.7111763619537,3456.289824329045,3312.817430352861,3338.92138671875,13238,0.0,0.0
2024-03-22 00:00:00+05:30,3371.6014634707144,3432.3779673926156,3322.8308585629384,3419.176513671875,23220,0.0,0.0
2024-03-26 00:00:00+05:30,3436.81144011688,3489.5673868669714,3369.1104521771804,3390.97998046875,11783,0.0,0.0
2024-03-27 00:00:00+05:30,3410.90678515523,3410.90678515523,3168.348809387654,3198.737060546875,23808,0.0,0.0
2024-03-28 00:00:00+05:30,3226.9333678503845,3329.755203399494,3225.1399142442137,3304.7470703125,14703,0.0,0.0
2024-04-01 00:00:00+05:30,3324.6738689599547,3462.218117627751,3307.437448849707,3415.838623046875,15199,0.0,0.0
2024-04-02 00:00:00+05:30,3412.550924446114,3474.7222007174923,3390.7310175821076,3424.8056640625,8624,0.0,0.0
2024-04-03 00:00:00+05:30,3451.308199373885,3522.0480614280264,3422.414452901067,3435.665771484375,13118,0.0,0.0
2024-04-04 00:00:00+05:30,3435.7156097388224,3487.17627083716,3407.469384646596,3420.720703125,27710,0.0,0.0
2024-04-05 00:00:00+05:30,3435.366920437318,3492.158078924826,3388.5889885428846,3422.61376953125,29981,0.0,0.0
2024-04-08 00:00:00+05:30,3427.3464116397945,3472.23140281319,3427.3464116397945,3448.1201171875,31376,0.0,0.0
2024-04-09 00:00:00+05:30,3472.231313759895,3635.630434407419,3449.166230308402,3467.14990234375,62768,0.0,0.0
2024-04-10 00:00:00+05:30,3490.60009765625,3544.35009765625,3413.85009765625,3508.75,18715,12.75,0.0
2024-04-12 00:00:00+05:30,3495.0,3495.0,3237.800048828125,3343.10009765625,65728,0.0,0.0
2024-04-15 00:00:00+05:30,3331.0,3346.0,3241.0,3322.949951171875,11703,0.0,0.0
2024-04-16 00:00:00+05:30,3323.0,3407.0,3302.64990234375,3388.39990234375,9361,0.0,0.0
2024-04-18 00:00:00+05:30,3362.0,3511.199951171875,3362.0,3473.60009765625,51741,0.0,0.0
2024-04-19 00:00:00+05:30,3540.0,3690.0,3520.0,3593.0,112064,0.0,0.0
2024-04-22 00:00:00+05:30,3680.0,3834.949951171875,3651.39990234375,3718.800048828125,112172,0.0,0.0
2024-04-23 00:00:00+05:30,3759.35009765625,3900.0,3730.0,3898.199951171875,53987,0.0,0.0
2024-04-24 00:00:00+05:30,3950.25,3988.949951171875,3923.199951171875,3973.75,29126,0.0,0.0
2024-04-25 00:00:00+05:30,3978.0,4440.0,3955.050048828125,4366.2998046875,138330,0.0,0.0
2024-04-26 00:00:00+05:30,4345.0498046875,4454.0,4278.7998046875,4301.75,34636,0.0,0.0
2024-04-29 00:00:00+05:30,4333.14990234375,4450.0,4285.0,4354.5,18485,0.0,0.0
2024-04-30 00:00:00+05:30,4755.0,5084.10009765625,4472.2001953125,4541.35009765625,123763,0.0,0.0
2024-05-02 00:00:00+05:30,4529.0,4554.64990234375,4300.0,4391.5,41384,0.0,0.0
2024-05-03 00:00:00+05:30,4420.0,4565.0,4406.10009765625,4516.7001953125,19055,0.0,0.0
2024-05-06 00:00:00+05:30,4550.0,4579.0,4431.2998046875,4446.60009765625,11483,0.0,0.0
2024-05-07 00:00:00+05:30,4455.0,4538.2998046875,4387.64990234375,4477.85009765625,12363,0.0,0.0
2024-05-08 00:00:00+05:30,4460.0,4550.0,4412.10009765625,4467.5498046875,14907,0.0,0.0
2024-05-09 00:00:00+05:30,4517.9501953125,4688.0,4475.14990234375,4498.64990234375,31126,0.0,0.0
2024-05-10 00:00:00+05:30,4550.0,4572.7998046875,4451.0,4479.60009765625,27644,0.0,0.0
2024-05-13 00:00:00+05:30,4509.0,4680.4501953125,4351.2998046875,4661.9501953125,48265,0.0,0.0
2024-05-14 00:00:00+05:30,4666.0,4942.0,4630.5498046875,4839.0498046875,83048,0.0,0.0
2024-05-15 00:00:00+05:30,4905.0,5266.64990234375,4894.0498046875,5200.7998046875,94886,0.0,0.0
2024-05-16 00:00:00+05:30,5212.0,5310.0,5100.0498046875,5185.7998046875,36190,0.0,0.0
2024-05-17 00:00:00+05:30,5173.0,5265.0,5105.0,5182.75,16317,0.0,0.0
2024-05-21 00:00:00+05:30,5290.0,5406.2998046875,5232.10009765625,5386.7001953125,59298,0.0,0.0
2024-05-22 00:00:00+05:30,5375.0,5500.0,5255.39990234375,5425.64990234375,30000,0.0,0.0
2024-05-23 00:00:00+05:30,5420.0,5649.89990234375,5382.0498046875,5492.89990234375,68291,0.0,0.0
2024-05-24 00:00:00+05:30,5485.0,5578.0,5281.0,5303.2998046875,26241,0.0,0.0
2024-05-27 00:00:00+05:30,5303.2998046875,5363.9501953125,5176.35009765625,5203.10009765625,19101,0.0,0.0
2024-05-28 00:00:00+05:30,5200.0,5324.35009765625,5122.0498046875,5157.75,17665,0.0,0.0
2024-05-29 00:00:00+05:30,5157.0,5350.0,5125.0,5145.89990234375,19579,0.0,0.0
2024-05-30 00:00:00+05:30,5136.14990234375,5217.2998046875,5015.5498046875,5076.85009765625,13082,0.0,0.0
2024-05-31 00:00:00+05:30,5076.85009765625,5644.0,5062.7998046875,5484.35009765625,87999,0.0,0.0
2024-06-03 00:00:00+05:30,5600.0,5620.0,5403.60009765625,5490.35009765625,26278,0.0,0.0
2024-06-04 00:00:00+05:30,5545.0498046875,5545.0498046875,4555.2001953125,5195.64990234375,61896,0.0,0.0
2024-06-05 00:00:00+05:30,5150.0,5321.0498046875,4950.0,5062.64990234375,31831,0.0,0.0
2024-06-06 00:00:00+05:30,5069.10009765625,5390.0,5069.10009765625,5317.25,18356,0.0,0.0
2024-06-07 00:00:00+05:30,5317.25,5354.7001953125,5249.5,5322.4501953125,26506,0.0,0.0
2024-06-10 00:00:00+05:30,5310.0,5448.4501953125,5310.0,5345.89990234375,14294,0.0,0.0
2024-06-11 00:00:00+05:30,5370.0,5381.0,5194.0,5224.9501953125,22195,0.0,0.0
2024-06-12 00:00:00+05:30,5245.2998046875,5391.0,5225.0,5298.0,16527,0.0,0.0
2024-06-13 00:00:00+05:30,5285.0,5450.0,5200.0,5259.14990234375,17799,0.0,0.0
2024-06-14 00:00:00+05:30,5300.0,5504.89990234375,5201.0498046875,5489.0,46863,0.0,0.0
2024-06-18 00:00:00+05:30,5565.14990234375,5743.35009765625,5467.2001953125,5575.5498046875,33319,0.0,0.0
2024-06-19 00:00:00+05:30,5600.0,5620.9501953125,5378.5498046875,5395.0,18311,0.0,0.0
2024-06-20 00:00:00+05:30,5400.35009765625,5440.0,5323.5498046875,5394.7001953125,10632,0.0,0.0
2024-06-21 00:00:00+05:30,5440.0,5549.9501953125,5280.0,5389.7001953125,13014,0.0,0.0
2024-06-24 00:00:00+05:30,5400.0,5502.0,5280.0498046875,5312.0,16715,0.0,0.0
2024-06-25 00:00:00+05:30,5367.5,5482.0,5288.5498046875,5313.5,15384,0.0,0.0
2024-06-26 00:00:00+05:30,5316.0498046875,5380.0,5190.0,5236.4501953125,14236,0.0,0.0
2024-06-27 00:00:00+05:30,5276.9501953125,5277.0,5055.0498046875,5093.64990234375,14859,0.0,0.0
2024-06-28 00:00:00+05:30,5148.7998046875,5170.0498046875,4994.0498046875,5034.10009765625,34844,0.0,0.0
2024-07-01 00:00:00+05:30,5139.0,5269.0,5112.14990234375,5166.2998046875,19687,0.0,0.0
2024-07-02 00:00:00+05:30,5200.0,5260.0,5109.64990234375,5208.60009765625,16682,0.0,0.0
2024-07-03 00:00:00+05:30,5215.0,5215.0,5011.64990234375,5056.25,46018,0.0,0.0
2024-07-04 00:00:00+05:30,5163.0,5176.0498046875,5032.0498046875,5047.85009765625,14511,0.0,0.0
2024-07-05 00:00:00+05:30,5084.39990234375,5291.0,5052.14990234375,5243.7001953125,30036,0.0,0.0
2024-07-08 00:00:00+05:30,5299.89990234375,5481.39990234375,5292.14990234375,5444.39990234375,40393,0.0,0.0
2024-07-09 00:00:00+05:30,5481.0,5545.0498046875,5310.0,5353.64990234375,20232,0.0,0.0
2024-07-10 00:00:00+05:30,5405.0,5413.4501953125,5157.0498046875,5289.60009765625,25885,0.0,0.0
2024-07-11 00:00:00+05:30,5295.0,5389.89990234375,5162.10009765625,5183.10009765625,13085,0.0,0.0
2024-07-12 00:00:00+05:30,5210.0,5319.89990234375,5112.2001953125,5128.14990234375,18039,0.0,0.0
2024-07-15 00:00:00+05:30,5169.0,5372.2998046875,5075.10009765625,5221.14990234375,28818,0.0,0.0
2024-07-16 00:00:00+05:30,5221.14990234375,5323.10009765625,5169.2001953125,5273.0,13422,0.0,0.0
2024-07-18 00:00:00+05:30,5319.85009765625,5437.0,5169.14990234375,5286.64990234375,34871,0.0,0.0
2024-07-19 00:00:00+05:30,5353.64990234375,5399.0,5151.60009765625,5337.4501953125,25359,0.0,0.0
2024-07-22 00:00:00+05:30,5325.0,5428.39990234375,5220.0,5242.35009765625,19340,0.0,0.0
2024-07-23 00:00:00+05:30,5247.0,5490.0,5098.60009765625,5195.39990234375,42639,0.0,0.0
2024-07-24 00:00:00+05:30,5213.0,5280.0498046875,5166.5,5211.9501953125,15680,0.0,0.0
2024-07-25 00:00:00+05:30,5122.14990234375,5365.0,5071.75,5091.5498046875,35279,0.0,0.0
2024-07-26 00:00:00+05:30,5250.0,5499.0,5091.0,5377.4501953125,68123,0.0,0.0
2024-07-29 00:00:00+05:30,5345.0,5451.60009765625,5250.0,5269.25,23159,0.0,0.0
2024-07-30 00:00:00+05:30,5269.25,5280.0,5151.0,5180.5498046875,22789,0.0,0.0
2024-07-31 00:00:00+05:30,5201.64990234375,5295.4501953125,5145.5,5168.2001953125,14655,0.0,0.0
2024-08-01 00:00:00+05:30,5194.0,5244.89990234375,5171.0498046875,5197.10009765625,12764,0.0,0.0
2024-08-02 00:00:00+05:30,5200.0,5219.89990234375,5121.0,5195.39990234375,20766,0.0,0.0
2024-08-05 00:00:00+05:30,5156.0,5190.0,5018.14990234375,5118.25,28843,0.0,0.0
2024-08-06 00:00:00+05:30,5118.2001953125,5288.0,5020.2998046875,5078.7001953125,19971,0.0,0.0
2024-08-07 00:00:00+05:30,5150.0,5150.0,5031.35009765625,5052.89990234375,13751,0.0,0.0
2024-08-08 00:00:00+05:30,5100.0,5148.5498046875,5062.89990234375,5100.5498046875,6103,0.0,0.0
2024-08-09 00:00:00+05:30,5200.0,5200.0,5111.39990234375,5127.0,13983,0.0,0.0
2024-08-12 00:00:00+05:30,5150.0,5150.0,5031.0,5054.0498046875,10349,0.0,0.0
2024-08-13 00:00:00+05:30,5063.7998046875,5108.64990234375,4963.7998046875,4980.2998046875,10202,0.0,0.0
2024-08-14 00:00:00+05:30,4980.2998046875,4980.35009765625,4751.0498046875,4788.2001953125,22506,0.0,0.0
2024-08-16 00:00:00+05:30,4830.0,5134.9501953125,4811.5498046875,5106.10009765625,37554,0.0,0.0
2024-08-19 00:00:00+05:30,5137.0,5275.0,5095.0,5212.0,33551,0.0,0.0
2024-08-20 00:00:00+05:30,5214.85009765625,5299.0,5148.89990234375,5246.39990234375,21427,0.0,0.0
2024-08-21 00:00:00+05:30,5246.39990234375,5344.9501953125,5211.0498046875,5267.2001953125,13142,0.0,0.0
2024-08-22 00:00:00+05:30,5250.0,5333.5,5175.0,5189.85009765625,14104,0.0,0.0
2024-08-23 00:00:00+05:30,5234.25,5293.35009765625,5101.0,5154.89990234375,15093,0.0,0.0
2024-08-26 00:00:00+05:30,5212.0,5212.0,5079.0498046875,5139.89990234375,16218,0.0,0.0
2024-08-27 00:00:00+05:30,5103.0,5221.7001953125,5103.0,5178.9501953125,14419,0.0,0.0
2024-08-28 00:00:00+05:30,5197.9501953125,5331.7001953125,5152.10009765625,5205.0498046875,19224,0.0,0.0
2024-08-29 00:00:00+05:30,5205.0498046875,5279.0,5040.14990234375,5091.9501953125,24748,0.0,0.0
2024-08-30 00:00:00+05:30,5071.2998046875,5475.0,5067.60009765625,5414.2998046875,41276,0.0,0.0
2024-09-02 00:00:00+05:30,5482.85009765625,5487.25,5316.0,5420.75,27065,0.0,0.0
2024-09-03 00:00:00+05:30,5440.75,5640.7998046875,5430.2001953125,5524.60009765625,32234,0.0,0.0
2024-09-04 00:00:00+05:30,5500.0,5627.60009765625,5315.0,5326.9501953125,44759,0.0,0.0
2024-09-05 00:00:00+05:30,5334.10009765625,5469.89990234375,5267.5498046875,5301.39990234375,26774,0.0,0.0
2024-09-06 00:00:00+05:30,5350.0,5433.75,5239.0,5281.7998046875,25380,0.0,0.0
2024-09-09 00:00:00+05:30,5284.4501953125,5289.0,5161.7998046875,5280.64990234375,17868,0.0,0.0
2024-09-10 00:00:00+05:30,5301.35009765625,5444.9501953125,5301.35009765625,5425.0498046875,19996,0.0,0.0
2024-09-11 00:00:00+05:30,5425.0498046875,5450.0,5325.0,5364.7001953125,25284,0.0,0.0
2024-09-12 00:00:00+05:30,5355.0,5404.35009765625,5301.0,5337.25,36414,0.0,0.0
2024-09-13 00:00:00+05:30,5356.0,5380.0,5250.0,5290.60009765625,16144,0.0,0.0
2024-09-16 00:00:00+05:30,5290.0,5315.5,5230.0,5273.10009765625,12787,0.0,0.0
2024-09-17 00:00:00+05:30,5270.0,5420.0,5206.2001953125,5353.7998046875,29410,0.0,0.0
2024-09-18 00:00:00+05:30,5364.25,5415.0,5247.0498046875,5303.10009765625,14732,0.0,0.0
2024-09-19 00:00:00+05:30,5264.0,5282.7998046875,5111.2998046875,5173.85009765625,13599,0.0,0.0
2024-09-20 00:00:00+05:30,5218.5,5475.0,5077.64990234375,5374.7001953125,228650,0.0,0.0
2024-09-23 00:00:00+05:30,5430.0,5975.0,5330.0,5889.2998046875,137952,0.0,0.0
2024-09-24 00:00:00+05:30,5805.0,5899.0,5742.0,5783.89990234375,32000,0.0,0.0
2024-09-25 00:00:00+05:30,5834.89990234375,5999.0,5670.0,5700.85009765625,30199,0.0,0.0
2024-09-26 00:00:00+05:30,5686.0,5784.0,5651.5498046875,5691.35009765625,14947,0.0,0.0
2024-09-27 00:00:00+05:30,5700.0,5773.85009765625,5585.0,5683.10009765625,37859,0.0,0.0
2024-09-30 00:00:00+05:30,5789.0,5789.0,5492.0,5523.64990234375,18146,0.0,0.0
2024-10-01 00:00:00+05:30,5579.0,5579.0,5401.0,5423.60009765625,19909,0.0,0.0
2024-10-03 00:00:00+05:30,5323.35009765625,5438.35009765625,5301.0,5320.75,10421,0.0,0.0
2024-10-04 00:00:00+05:30,5320.75,5423.7998046875,5213.35009765625,5300.0,14240,0.0,0.0
2024-10-07 00:00:00+05:30,5290.0,5343.10009765625,5033.5,5066.7998046875,22857,0.0,0.0
2024-10-08 00:00:00+05:30,5100.0,5240.0,4971.10009765625,5225.14990234375,15622,0.0,0.0
2024-10-09 00:00:00+05:30,5248.0,5449.89990234375,5181.25,5365.14990234375,12192,0.0,0.0
2024-10-10 00:00:00+05:30,5340.0,5445.0,5283.64990234375,5345.2001953125,9021,0.0,0.0
2024-10-11 00:00:00+05:30,5388.0,5388.0,5251.2998046875,5345.35009765625,5857,0.0,0.0
2024-10-14 00:00:00+05:30,5400.0,5438.14990234375,5291.0,5421.64990234375,13364,0.0,0.0
2024-10-15 00:00:00+05:30,5451.64990234375,5880.0,5392.7001953125,5780.5498046875,73439,0.0,0.0
2024-10-16 00:00:00+05:30,5725.0,5816.7001953125,5642.0,5682.2001953125,14972,0.0,0.0
2024-10-17 00:00:00+05:30,5710.0,5950.0,5630.0,5775.25,55972,0.0,0.0
2024-10-18 00:00:00+05:30,5705.0,5799.0,5564.0498046875,5735.0498046875,13765,0.0,0.0
2024-10-21 00:00:00+05:30,5735.0498046875,5875.0,5700.0,5768.35009765625,17487,0.0,0.0
2024-10-22 00:00:00+05:30,5768.35009765625,5795.7998046875,5409.0498046875,5472.60009765625,23651,0.0,0.0
2024-10-23 00:00:00+05:30,5565.0,5784.89990234375,5435.14990234375,5622.64990234375,19482,0.0,0.0
2024-10-24 00:00:00+05:30,5622.64990234375,5688.7998046875,5443.60009765625,5463.10009765625,15247,0.0,0.0
2024-10-25 00:00:00+05:30,5486.60009765625,5507.5498046875,5240.0,5362.2001953125,12718,0.0,0.0
2024-10-28 00:00:00+05:30,5398.0,5473.64990234375,5250.0,5416.64990234375,19866,0.0,0.0
2024-10-29 00:00:00+05:30,5149.0498046875,5200.0,5052.0,5131.60009765625,31039,0.0,0.0
2024-10-30 00:00:00+05:30,5162.0,5235.0498046875,5126.2998046875,5149.0498046875,17370,0.0,0.0
2024-10-31 00:00:00+05:30,5185.0,5325.89990234375,5155.0,5271.75,26048,0.0,0.0
2024-11-01 00:00:00+05:30,5319.7998046875,5324.0,5269.89990234375,5284.35009765625,1809,0.0,0.0
2024-11-04 00:00:00+05:30,5284.35009765625,5328.5,5154.0,5202.85009765625,8802,0.0,0.0
2024-11-05 00:00:00+05:30,5214.89990234375,5277.9501953125,5173.0,5219.0,51616,0.0,0.0
2024-11-06 00:00:00+05:30,5252.0,5380.0,5227.9501953125,5370.7001953125,10713,0.0,0.0
2024-11-07 00:00:00+05:30,5398.85009765625,5497.25,5328.64990234375,5433.75,8313,0.0,0.0
2024-11-08 00:00:00+05:30,5399.2998046875,5469.35009765625,5380.89990234375,5409.35009765625,4314,0.0,0.0
2024-11-11 00:00:00+05:30,5409.35009765625,5700.0,5251.0,5587.25,21488,0.0,0.0
2024-11-12 00:00:00+05:30,5587.25,5659.9501953125,5415.0,5439.4501953125,11005,0.0,0.0
2024-11-13 00:00:00+05:30,5396.60009765625,5440.0,5225.0,5294.75,14278,0.0,0.0
2024-11-14 00:00:00+05:30,5294.75,5488.0498046875,5281.75,5395.5,13311,0.0,0.0
2024-11-18 00:00:00+05:30,5447.0498046875,5447.0498046875,5256.0,5320.5498046875,10031,0.0,0.0
2024-11-19 00:00:00+05:30,5320.0,5399.0,5260.0,5320.2998046875,6084,0.0,0.0
2024-11-21 00:00:00+05:30,5321.2001953125,5321.2001953125,5143.14990234375,5216.0498046875,20559,0.0,0.0
2024-11-22 00:00:00+05:30,5239.0,5280.64990234375,5206.39990234375,5242.85009765625,5976,0.0,0.0
2024-11-25 00:00:00+05:30,5294.89990234375,5345.0,5225.0,5267.25,10649,0.0,0.0
2024-11-26 00:00:00+05:30,5267.0,5344.0,5267.0,5320.60009765625,5476,0.0,0.0
2024-11-27 00:00:00+05:30,5300.0,5394.7001953125,5281.39990234375,5373.0,6059,0.0,0.0
2024-11-28 00:00:00+05:30,5398.9501953125,5554.4501953125,5350.2001953125,5380.39990234375,11644,0.0,0.0
2024-11-29 00:00:00+05:30,5427.9501953125,5438.9501953125,5328.14990234375,5374.0498046875,41029,0.0,0.0
2024-12-02 00:00:00+05:30,5351.0,5445.89990234375,5291.85009765625,5328.10009765625,9190,0.0,0.0
2024-12-03 00:00:00+05:30,5341.39990234375,5434.89990234375,5235.0,5246.64990234375,16898,0.0,0.0
2024-12-04 00:00:00+05:30,5280.0,5289.0,5250.0498046875,5272.85009765625,7284,0.0,0.0
2024-12-05 00:00:00+05:30,5272.85009765625,5283.25,5188.39990234375,5200.7001953125,8929,0.0,0.0
2024-12-06 00:00:00+05:30,5211.0,5241.9501953125,5105.0,5134.39990234375,12699,0.0,0.0
2024-12-09 00:00:00+05:30,5159.7998046875,5275.0,5135.0,5238.5,11445,0.0,0.0
2024-12-10 00:00:00+05:30,5250.0,5300.0,5221.39990234375,5239.35009765625,11477,0.0,0.0
2024-12-11 00:00:00+05:30,5278.0,5299.0,5201.39990234375,5210.10009765625,8897,0.0,0.0
2024-12-12 00:00:00+05:30,5239.89990234375,5247.0,5126.75,5158.5498046875,11591,0.0,0.0
2024-12-13 00:00:00+05:30,5150.2001953125,5194.14990234375,5103.0498046875,5165.60009765625,3895,0.0,0.0
2024-12-16 00:00:00+05:30,5199.0,5200.0,5105.0,5140.0,5491,0.0,0.0
2024-12-17 00:00:00+05:30,5132.89990234375,5162.9501953125,4981.0,5006.64990234375,20021,0.0,0.0
2024-12-18 00:00:00+05:30,4999.7001953125,5049.0,4920.0498046875,4951.4501953125,41475,0.0,0.0
2024-12-19 00:00:00+05:30,4912.0,4935.2001953125,4861.0,4877.5,40834,0.0,0.0
2024-12-20 00:00:00+05:30,4877.5,4931.85009765625,4751.10009765625,4794.10009765625,29130,0.0,0.0
2024-12-23 00:00:00+05:30,4750.0,4799.7998046875,4675.0,4783.2001953125,13020,0.0,0.0
2024-12-24 00:00:00+05:30,4824.10009765625,4848.0,4768.10009765625,4841.5,7105,0.0,0.0
2024-12-26 00:00:00+05:30,4845.0,4868.35009765625,4773.25,4828.7998046875,7674,0.0,0.0
2024-12-27 00:00:00+05:30,4651.0,4723.5498046875,4612.10009765625,4709.7001953125,26142,0.0,0.0
2024-12-30 00:00:00+05:30,4700.0,4703.25,4431.5498046875,4504.75,17458,0.0,0.0
2024-12-31 00:00:00+05:30,4500.0,4612.10009765625,4422.35009765625,4544.7998046875,20583,0.0,0.0
2025-01-01 00:00:00+05:30,4541.0,4578.2001953125,4467.0498046875,4487.35009765625,9564,0.0,0.0
2025-01-02 00:00:00+05:30,4505.2998046875,4577.89990234375,4471.2998046875,4558.39990234375,11016,0.0,0.0
2025-01-03 00:00:00+05:30,4579.9501953125,4622.7001953125,4531.0498046875,4605.4501953125,9020,0.0,0.0
2025-01-06 00:00:00+05:30,4605.4501953125,4653.0,4360.60009765625,4389.2998046875,19097,0.0,0.0
2025-01-07 00:00:00+05:30,4408.9501953125,4487.14990234375,4383.7001953125,4473.2001953125,6374,0.0,0.0
2025-01-08 00:00:00+05:30,4450.0,4473.2001953125,4368.14990234375,4407.35009765625,7520,0.0,0.0
2025-01-09 00:00:00+05:30,4401.2001953125,4435.0,4379.14990234375,4413.14990234375,4465,0.0,0.0
2025-01-10 00:00:00+05:30,4389.7001953125,4407.5498046875,4135.0,4179.60009765625,24211,0.0,0.0
2025-01-13 00:00:00+05:30,4149.85009765625,4184.75,3966.0,4021.39990234375,16142,0.0,0.0
2025-01-14 00:00:00+05:30,4045.0,4105.75,3970.0,4082.39990234375,9076,0.0,0.0
2025-01-15 00:00:00+05:30,4073.0,4160.0498046875,4041.0,4116.75,21773,0.0,0.0
2025-01-16 00:00:00+05:30,4110.0,4209.39990234375,4085.0,4107.2001953125,9429,0.0,0.0
2025-01-17 00:00:00+05:30,4135.0,4135.0,4021.14990234375,4063.550048828125,7479,0.0,0.0
2025-01-20 00:00:00+05:30,4087.0,4150.0,4035.050048828125,4117.5498046875,5206,0.0,0.0
2025-01-21 00:00:00+05:30,4134.0,4157.5498046875,4035.0,4059.10009765625,7967,0.0,0.0
2025-01-22 00:00:00+05:30,4060.0,4089.14990234375,3935.0,4029.449951171875,13235,0.0,0.0
2025-01-23 00:00:00+05:30,3969.0,4095.0,3969.0,4044.5,7579,0.0,0.0
2025-01-24 00:00:00+05:30,4066.0,4066.0,3851.0,3870.550048828125,9273,0.0,0.0
2025-01-27 00:00:00+05:30,3874.949951171875,3924.10009765625,3741.10009765625,3858.89990234375,9767,0.0,0.0
2025-01-28 00:00:00+05:30,3858.0,3866.64990234375,3660.0,3811.89990234375,30765,0.0,0.0
2025-01-29 00:00:00+05:30,3863.89990234375,4113.75,3815.89990234375,4094.75,16339,0.0,0.0
2025-01-30 00:00:00+05:30,4051.0,4265.0498046875,4051.0,4169.4501953125,12998,0.0,0.0
2025-01-31 00:00:00+05:30,4194.0,4295.0,4140.5,4283.4501953125,9197,0.0,0.0
2025-02-01 00:00:00+05:30,4253.25,4299.9501953125,4160.64990234375,4262.10009765625,5158,0.0,0.0
2025-02-03 00:00:00+05:30,4201.0,4273.5,4124.10009765625,4140.35009765625,5610,0.0,0.0
2025-02-04 00:00:00+05:30,4140.39990234375,4193.75,4103.7998046875,4136.5,6008,0.0,0.0
2025-02-05 00:00:00+05:30,4147.9501953125,4490.0,4119.0,4437.60009765625,23825,0.0,0.0
2025-02-06 00:00:00+05:30,4340.0,4410.64990234375,4333.0,4359.2001953125,6063,0.0,0.0
2025-02-07 00:00:00+05:30,4388.0,4388.0,4304.10009765625,4356.10009765625,5437,0.0,0.0
2025-02-10 00:00:00+05:30,4316.2998046875,4340.85009765625,4187.89990234375,4271.4501953125,5676,0.0,0.0
2025-02-11 00:00:00+05:30,4271.4501953125,4278.39990234375,4066.10009765625,4125.2998046875,5324,0.0,0.0
2025-02-12 00:00:00+05:30,4061.0,4180.0,3981.14990234375,4138.60009765625,10176,0.0,0.0
2025-02-13 00:00:00+05:30,4051.0,4173.35009765625,4034.89990234375,4065.050048828125,6595,0.0,0.0
2025-02-14 00:00:00+05:30,4065.0,4065.050048828125,3833.10009765625,3911.39990234375,11586,0.0,0.0
2025-02-17 00:00:00+05:30,3891.89990234375,3937.10009765625,3794.39990234375,3895.199951171875,10887,0.0,0.0
2025-02-18 00:00:00+05:30,3848.35009765625,3920.800048828125,3740.550048828125,3770.64990234375,9024,0.0,0.0
2025-02-19 00:00:00+05:30,3765.0,3872.35009765625,3561.300048828125,3596.75,42902,0.0,0.0
2025-02-20 00:00:00+05:30,3650.0,3899.89990234375,3580.800048828125,3799.300048828125,80703,0.0,0.0
2025-02-21 00:00:00+05:30,3808.300048828125,3924.949951171875,3750.14990234375,3828.35009765625,16895,0.0,0.0
2025-02-24 00:00:00+05:30,3858.699951171875,4148.85009765625,3858.699951171875,4033.75,98785,0.0,0.0
2025-02-25 00:00:00+05:30,4011.75,4099.89990234375,3947.35009765625,4042.35009765625,28136,0.0,0.0
2025-02-27 00:00:00+05:30,4088.0,4292.0,4011.050048828125,4124.9501953125,91529,0.0,0.0
2025-02-28 00:00:00+05:30,4124.39990234375,4169.7001953125,3950.0,3987.75,26567,0.0,0.0
2025-03-03 00:00:00+05:30,4010.0,4050.0,3720.0,3821.050048828125,27811,0.0,0.0
2025-03-04 00:00:00+05:30,3800.050048828125,3949.0,3742.0,3918.60009765625,13034,0.0,0.0
2025-03-05 00:00:00+05:30,3905.0,4041.800048828125,3865.0,4021.14990234375,16585,0.0,0.0
2025-03-06 00:00:00+05:30,4066.35009765625,4149.0,4002.35009765625,4135.4501953125,12321,0.0,0.0
2025-03-07 00:00:00+05:30,4112.0,4275.9501953125,4111.0,4186.0498046875,16416,0.0,0.0
2025-03-10 00:00:00+05:30,4210.0498046875,4476.0,4210.0,4385.9501953125,64803,0.0,0.0
2025-03-11 00:00:00+05:30,4302.2998046875,4535.0,4255.64990234375,4507.2998046875,36109,0.0,0.0
2025-03-12 00:00:00+05:30,4507.2998046875,4534.0498046875,4296.0498046875,4332.89990234375,24421,0.0,0.0
2025-03-13 00:00:00+05:30,4354.60009765625,4394.0,4200.2001953125,4229.25,14081,0.0,0.0
